shift_hours,overtime_hours,worker_experience,equipment_age,maintenance_score,temperature,humidity,inspection_score,accident,fatigue_index,equipment_risk,weather_severity,ensemble_probability,risk_score,risk_level
1.503600151238394,-0.0356022777591291,1.1665009239467234,-1.1257779635206873,-0.9010830577300422,-1.016604344323788,0.6548509461436175,-1.3131924736338856,0,1.467997873479265,3.594524320647291,-0.6657243167341445,0.6701879493350869,67.02,HIGH
0.0227070278913214,0.6490569099164305,0.918309238000612,0.386348246715293,-1.601588155732148,-1.4301943949030345,-0.0376244991968311,0.1205728350024669,0,0.671763937807752,0.3447774518953446,0.0538103478623415,0.0591724521434046,5.92,LOW
0.5163380690070124,1.3337160975919902,-0.8190325636221675,-1.5038095160796825,-1.192960181897586,0.3620291576070334,-0.4992747960904635,0.1205728350024669,0,1.850054166599003,-1.3420006884928382,-0.1807520338430538,0.271011749396681,27.1,LOW
1.503600151238394,-1.4049206531102485,-0.3226491917299448,-0.7477464109616921,0.4415517134406601,-0.8787409941307059,-0.1530370734202392,-1.5180160891533647,0,0.0986794981281455,1.443481055161422,0.1344799500361548,0.0678132213463429,6.78,LOW
-0.4709240132243694,1.3337160975919902,-0.3226491917299448,0.0083166941562979,-0.5508305087289894,0.913482558379362,-1.3648691027660242,-0.2890743960364909,0,0.8627920843676207,0.0116984029129507,-1.246784119847652,0.1321646832686763,13.22,LOW
0.5163380690070124,0.6490569099164305,-1.5636076214605017,-0.3697148584026971,-0.2005779597279366,0.0863024572208691,0.2509069363616891,-0.9718197811014208,1,1.1653949789234428,-13.119658854791114,0.021653885141774,0.8337097536763609,83.37,CRITICAL
0.5163380690070124,0.6490569099164305,1.6628842958389465,-0.7477464109616921,-0.0254516852274102,-0.6030142937445416,1.40503267859577,1.2812399896128477,1,1.1653949789234428,-0.3277806869800634,-0.8472547883714299,0.852990128503704,85.3,CRITICAL
1.503600151238394,0.6490569099164305,0.173734180162278,0.0083166941562979,-1.6599635805656563,0.2241658074139512,-0.1530370734202392,-1.5862906276598576,0,2.152657061154825,-0.0141852756362378,-0.034305679127516,0.1261720560833905,12.62,LOW
-0.9645550543400604,1.3337160975919902,-0.3226491917299448,1.1424113518332832,1.4923093604438185,1.051345908572444,-0.960925092984096,-0.2890743960364909,0,0.3691610432519299,1.6069351637698532,-1.0102646649534246,0.1351926538485004,13.52,LOW
-0.4709240132243694,0.6490569099164305,-1.0672242495682789,-0.3697148584026971,0.3248008637736425,-1.4301943949030345,1.462738965707474,1.2129654511063548,1,0.178132896692061,-0.1670676142810368,-2.092001069961092,0.5368449736127114,53.68,MODERATE
1.503600151238394,1.3337160975919902,1.6628842958389465,-1.5038095160796825,-1.3680864563981123,-1.5680577450961166,-1.191750241430912,-1.6545651661663503,1,2.837316248830384,2.297417574001342,1.8687331962959084,0.9489607193041226,94.9,CRITICAL
-0.4709240132243694,0.6490569099164305,0.4219258661083894,0.7643797992742881,0.4415517134406601,-1.5680577450961166,-0.8455125187606878,-0.1525253190235049,1,0.178132896692061,0.9019500127054396,1.325812453618422,0.2304547245854369,23.05,LOW
-0.4709240132243694,-0.0356022777591291,-1.3154159355143902,1.1424113518332832,1.375558510776801,-1.4301943949030345,-0.8455125187606878,0.5302200660414249,0,-0.5065262909834986,0.7465667044797182,1.2092472651518824,0.1035158834934187,10.35,LOW
0.5163380690070124,0.6490569099164305,0.918309238000612,-0.7477464109616921,1.7258110597778535,0.6377558579931977,1.347326391484066,0.0522982964959739,0,1.1653949789234428,-0.7105840743557196,0.8592652987977994,0.1635187824927353,16.35,LOW
0.0227070278913214,1.3337160975919902,0.173734180162278,0.386348246715293,-1.4264618812316214,0.0863024572208691,0.0200817879148729,1.0081418355868756,0,1.3564231254833117,0.1923909157554021,0.0017331076424418,0.1146227248850567,11.46,LOW
-0.4709240132243694,-0.7202614654346888,0.6701175520545007,-1.1257779635206873,0.2080500141066249,0.913482558379362,0.6548509461436175,-1.7228397046728436,0,-1.1911854786590583,1.5574379163776193,0.5981949176404175,0.1322779388474217,13.23,LOW
1.0099691101227033,0.6490569099164305,-1.0672242495682789,0.7643797992742881,1.1420568114427656,0.6377558579931977,-0.3261559347553513,-1.244917935127393,1,1.6590260200391338,-3.1209629416347164,-0.2080078580094724,0.7828404499119981,78.28,HIGH
0.5163380690070124,-0.7202614654346888,1.414692609892835,1.1424113518332832,1.2588076611097834,-0.4651509435514595,-1.0186313800958,-0.2207998575299979,1,-0.2039233964276764,1.4661333970139312,0.4738173475826867,0.6939845923704738,69.4,HIGH
-0.9645550543400604,-0.0356022777591291,1.1665009239467234,0.386348246715293,-0.9010830577300422,1.6027993093447728,-1.4225753898777282,0.8033182200673968,0,-1.0001573320991894,0.214242967445232,-2.280102852386894,0.7088377951395295,70.88,HIGH
0.0227070278913214,-1.4049206531102485,-0.5708408776760562,0.386348246715293,-1.0178339073970597,-1.5680577450961166,0.7702635203670256,-1.3814670121403787,1,-1.382213625218927,-1.0127959546161702,-1.207817678876515,0.881828225387477,88.18,CRITICAL
1.0099691101227033,-0.0356022777591291,-0.3226491917299448,0.0083166941562979,0.7334288376082041,1.6027993093447728,-1.249456528542616,-0.2890743960364909,0,0.974366832363574,0.0116984029129507,-2.0026280610044225,0.0727670506232548,7.28,LOW
1.0099691101227033,0.6490569099164305,0.6701175520545007,1.1424113518332832,-0.5508305087289894,1.1892092587655263,0.8279698074787296,-0.0842507805170119,0,1.6590260200391338,1.2475155070055792,0.9846293610320156,0.0769885822963754,7.7,LOW
-0.9645550543400604,-0.7202614654346888,-0.3226491917299448,-1.5038095160796825,1.375558510776801,-1.7059210952891988,0.3086132234733932,-0.5621725500624628,0,-1.684816519774749,-3.434708162528923,-0.5264698082084612,0.3473009606463839,34.73,MODERATE
0.0227070278913214,-0.7202614654346888,-0.8190325636221675,-0.3697148584026971,1.2004322362762745,-1.2923310447099523,1.462738965707474,-0.6304470885689558,1,-0.6975544375433673,-1.0004382240449028,-1.890342975690695,0.8615704209005688,86.16,CRITICAL
0.5163380690070124,1.3337160975919902,-1.0672242495682789,-0.3697148584026971,-0.3173288093949542,0.0863024572208691,0.7125572332553215,-0.9718197811014208,0,1.850054166599003,-13.119658854791114,0.0614954401404382,0.2727869442096968,27.28,LOW
-1.4581860954557513,-0.7202614654346888,-0.8190325636221675,-0.7477464109616921,1.7258110597778535,-1.7059210952891988,-0.6146873703138716,-1.3814670121403787,1,-2.17844756089044,1.960186299638732,1.048608152026277,0.9121001620706662,91.21,CRITICAL
0.0227070278913214,1.3337160975919902,-1.5636076214605017,-0.7477464109616921,0.7918042624417129,0.0863024572208691,-0.7300999445372797,-0.0159762420105189,1,1.3564231254833117,-0.7598865422613966,-0.0630094192303874,0.7804204356044236,78.04,HIGH
-0.9645550543400604,-1.4049206531102485,-0.8190325636221675,-0.3697148584026971,0.2664254389401337,0.3620291576070334,1.5781515399308823,0.0522982964959739,0,-2.369475707450309,-0.351340356279016,0.5713368725774198,0.2276181118183078,22.76,LOW
1.0099691101227033,0.6490569099164305,-1.5636076214605017,-1.5038095160796825,-0.2589533845614454,1.1892092587655263,0.7125572332553215,-1.244917935127393,0,1.6590260200391338,6.140054689328832,0.8473796591875751,0.0983374824860741,9.83,LOW
0.5163380690070124,1.3337160975919902,1.1665009239467234,-1.1257779635206873,1.2004322362762745,0.0863024572208691,1.520445252819178,-0.4938980115559698,1,1.850054166599003,-2.224409287507052,0.1312181613881006,0.7987429701660197,79.87,HIGH
0.0227070278913214,-1.4049206531102485,-1.5636076214605017,1.5204429043922782,-0.0254516852274102,0.913482558379362,-0.5569810832021675,1.0764163740933688,0,-1.382213625218927,0.7322437461783903,-0.5087925048524243,0.2655634797018901,26.56,LOW
-1.4581860954557513,-0.7202614654346888,0.6701175520545007,-1.1257779635206873,1.609060210110836,-1.4301943949030345,-1.5379879641011365,-1.7228397046728436,1,-2.17844756089044,1.5574379163776193,2.1996217656857744,0.923893639329205,92.39,CRITICAL
-1.4581860954557513,-0.7202614654346888,1.6628842958389465,0.0083166941562979,0.5583025631076777,-1.4301943949030345,1.1165012430372498,0.1888473735089599,1,-2.17844756089044,0.0069955945074351,-1.5968138196941453,0.830416480274851,83.04,CRITICAL
-0.4709240132243694,-1.4049206531102485,-0.3226491917299448,1.5204429043922782,0.0912991644396073,-0.6030142937445416,0.135494362138281,1.2812399896128477,0,-1.875844666334618,0.6664984444053668,-0.0817050370911827,0.0766272756862804,7.66,LOW
-0.4709240132243694,-0.7202614654346888,-0.5708408776760562,1.5204429043922782,1.5506847852773271,-1.016604344323788,-0.2107433605319432,1.5543381436388195,0,-1.1911854786590583,0.5952394784452105,0.2142426158541678,0.0596141852835191,5.96,LOW
1.503600151238394,-1.4049206531102485,1.6628842958389465,1.1424113518332832,1.025305961775748,1.6027993093447728,-1.3648691027660242,0.5984946045479178,1,0.0986794981281455,0.7146795169548771,-2.187611255259404,0.8886861494965902,88.87,CRITICAL
-0.9645550543400604,1.3337160975919902,0.918309238000612,-1.5038095160796825,0.7918042624417129,-0.051560892972213,-1.4225753898777282,0.9398672970803827,1,0.3691610432519299,-0.7752125716759112,0.0733492574223897,0.7999540482127427,80.0,CRITICAL
0.0227070278913214,1.3337160975919902,-0.8190325636221675,-1.5038095160796825,1.2004322362762745,1.051345908572444,-0.9032188058723918,-0.8352707040884347,0,1.3564231254833117,-9.12897434398676,-0.9495953960996278,0.0503560848526519,5.04,LOW
0.0227070278913214,-1.4049206531102485,1.414692609892835,1.5204429043922782,-0.375704234228463,-1.5680577450961166,-0.7300999445372797,0.5984946045479178,0,-1.382213625218927,0.9511717462582778,1.1448388727259269,0.0932585912496779,9.33,LOW
1.503600151238394,1.3337160975919902,0.918309238000612,1.1424113518332832,0.8501796872752218,-0.7408776439376238,0.077788075026577,1.4860636051323266,0,2.837316248830384,0.4595261961419027,-0.0576314457521334,0.3779635686503834,37.8,MODERATE
1.0099691101227033,1.3337160975919902,-1.0672242495682789,1.5204429043922782,0.4999271382741689,1.051345908572444,1.462738965707474,1.2812399896128477,1,2.343685207714693,0.6664984444053668,1.5378446269060415,0.7909969135460886,79.1,HIGH
1.0099691101227033,1.3337160975919902,-1.5636076214605017,0.7643797992742881,-0.5508305087289894,-1.5680577450961166,-1.134043954319208,-0.4256234730494769,1,2.343685207714693,1.3307991594512565,1.7782464058496608,0.8964535708770763,89.65,CRITICAL
1.503600151238394,-0.0356022777591291,-0.3226491917299448,-0.7477464109616921,-0.375704234228463,-1.2923310447099523,-0.6146873703138716,1.5543381436388195,1,1.467997873479265,-0.2927358747798673,0.794379571447739,0.918043138593764,91.8,CRITICAL
1.0099691101227033,0.6490569099164305,-1.3154159355143902,-0.7477464109616921,0.9085551121087304,1.6027993093447728,-0.3838622218670554,-0.9035452425949276,0,1.6590260200391338,-7.752302023024636,-0.6152541040920663,0.184432733469653,18.44,LOW
-0.4709240132243694,-0.7202614654346888,0.173734180162278,-1.1257779635206873,1.317183085943292,0.2241658074139512,-0.9032188058723918,0.8033182200673968,0,-1.1911854786590583,-0.6242813669783766,-0.2024707728898496,0.0771634972453646,7.72,LOW
0.0227070278913214,-0.0356022777591291,0.6701175520545007,0.0083166941562979,-0.7843322080630246,-1.2923310447099523,1.0010886688138418,1.5543381436388195,1,-0.0128952498678076,0.0032559096284919,-1.2937379652154877,0.8502054868520577,85.02,CRITICAL
1.503600151238394,1.3337160975919902,-0.5708408776760562,-0.7477464109616921,1.2004322362762745,-0.051560892972213,-1.3648691027660242,1.3495145281193406,0,2.837316248830384,-0.3182557085783261,0.0703738697287994,0.7646106386472733,76.46,HIGH
0.0227070278913214,-1.4049206531102485,-0.0744575057838333,0.386348246715293,0.7334288376082041,-0.1894242431652952,-0.5569810832021675,1.5543381436388195,0,-1.382213625218927,0.1512518018326716,0.1055057201429569,0.1207188262799754,12.07,LOW
-1.4581860954557513,1.3337160975919902,0.6701175520545007,-1.1257779635206873,1.7841864846113624,-0.051560892972213,0.6548509461436175,-1.244917935127393,0,-0.1244699978637611,4.596551750834908,-0.0337646995468635,0.0888709877578801,8.89,LOW
-0.4709240132243694,0.6490569099164305,1.1665009239467234,-0.7477464109616921,1.4923093604438185,0.0863024572208691,-0.2684496476436473,1.1446909125998617,1,0.178132896692061,-0.3486499646959619,-0.0231678642317232,0.8178714660635995,81.79,CRITICAL
0.5163380690070124,1.3337160975919902,-1.3154159355143902,0.0083166941562979,-1.251335606731095,0.913482558379362,0.7702635203670256,-0.4256234730494769,1,1.850054166599003,0.0144795160771157,0.7036222912111644,0.8444648173553514,84.45,CRITICAL
-0.4709240132243694,-1.4049206531102485,1.414692609892835,-1.5038095160796825,1.2004322362762745,0.6377558579931977,1.462738965707474,0.4619455275349319,0,-1.875844666334618,-1.0286358060244143,0.9328703440948528,0.1981393985308308,19.81,LOW
1.503600151238394,0.6490569099164305,0.173734180162278,-1.5038095160796825,-0.4924550838954806,-1.016604344323788,-0.960925092984096,-0.0159762420105189,0,2.152657061154825,-1.5282248054175107,0.976880624097372,0.11678913876854,11.68,LOW
0.5163380690070124,1.3337160975919902,-1.3154159355143902,1.5204429043922782,-1.6599635805656563,-0.3272875933583773,1.520445252819178,0.8715927585738897,1,1.850054166599003,0.8123791339900356,-0.4976228676283584,0.8641466261330178,86.41,CRITICAL
-1.4581860954557513,0.6490569099164305,-0.8190325636221675,0.7643797992742881,1.4923093604438185,-1.5680577450961166,0.3663195105850972,-0.3573489345429839,1,-0.8091291855393208,1.189416528440213,-0.5744101457527806,0.8867147779973412,88.67,CRITICAL
1.503600151238394,-0.7202614654346888,-1.5636076214605017,-1.5038095160796825,-1.251335606731095,1.3270726089586085,1.5781515399308823,1.5543381436388195,0,0.7833386858037052,-0.5887276591882266,2.0943216814281214,0.7296813389581872,72.97,HIGH
-0.9645550543400604,-0.7202614654346888,-0.5708408776760562,1.1424113518332832,-0.0254516852274102,0.7756192081862798,-0.5569810832021675,1.0764163740933688,0,-1.684816519774749,0.550184137481625,-0.4320052267280016,0.1102154461097045,11.02,LOW
0.0227070278913214,1.3337160975919902,0.4219258661083894,-0.7477464109616921,0.1496745892731161,0.7756192081862798,-0.7300999445372797,1.1446909125998617,0,1.3564231254833117,-0.3486499646959619,-0.5662795408788517,0.1129614262827608,11.3,LOW
-1.4581860954557513,0.6490569099164305,-1.5636076214605017,1.1424113518332832,0.4999271382741689,-1.15446769451687,-1.4802816769894322,1.0081418355868756,1,-0.8091291855393208,0.5688897724195939,1.7089373748695562,0.8496416023265616,84.96,CRITICAL
0.0227070278913214,-1.4049206531102485,0.4219258661083894,0.0083166941562979,-1.4264618812316214,0.7756192081862798,-1.5956942512128405,-1.1766433966208998,0,-1.382213625218927,-0.0470818287883509,-1.237651111633102,0.0685081453516453,6.85,LOW
1.0099691101227033,1.3337160975919902,0.918309238000612,-1.5038095160796825,1.025305961775748,-1.5680577450961166,-0.4415685089787594,-0.1525253190235049,0,2.343685207714693,-1.7744595205451228,0.6924049204946878,0.0981803745512938,9.82,LOW
-0.9645550543400604,-0.7202614654346888,0.173734180162278,0.7643797992742881,-0.4340796590619718,-0.4651509435514595,-0.2684496476436473,0.7350436815609038,1,-1.684816519774749,0.4405536341232782,0.1248696068974993,0.7989403846072222,79.89,HIGH
-0.9645550543400604,-0.7202614654346888,-0.3226491917299448,0.0083166941562979,1.025305961775748,1.6027993093447728,0.3663195105850972,1.5543381436388195,1,-1.684816519774749,0.0032559096284919,0.5871366585653089,0.8354269440110202,83.54,CRITICAL
-1.4581860954557513,1.3337160975919902,-0.0744575057838333,0.386348246715293,0.2664254389401337,-1.5680577450961166,-0.3838622218670554,1.0081418355868756,0,-0.1244699978637611,0.1923909157554021,0.6019181300484401,0.396285166197771,39.63,MODERATE
-0.9645550543400604,0.6490569099164305,-1.0672242495682789,0.386348246715293,-1.6599635805656563,-0.3272875933583773,1.0587949559255458,-0.6304470885689558,1,-0.3154981444236298,1.04544771469723,-0.3465304529848611,0.8601326705307353,86.01,CRITICAL
0.5163380690070124,-0.7202614654346888,1.6628842958389465,1.1424113518332832,1.4923093604438185,0.6377558579931977,-0.6723936574255757,-0.1525253190235049,0,-0.2039233964276764,1.3480182682472002,-0.4288229939006322,0.1434055401848006,14.34,LOW
-0.9645550543400604,0.6490569099164305,-1.5636076214605017,1.5204429043922782,1.4923093604438185,1.4649359591516906,1.1742075301489538,-0.3573489345429839,0,-0.3154981444236298,2.3658918285789,1.7201388344218953,0.1326698485114067,13.27,LOW
0.0227070278913214,-0.7202614654346888,-0.5708408776760562,-1.1257779635206873,-0.2005779597279366,0.2241658074139512,-0.3261559347553513,0.8715927585738897,0,-0.6975544375433673,-0.601507971412811,-0.0731130084572853,0.0621260841441873,6.21,LOW
0.0227070278913214,-0.7202614654346888,1.6628842958389465,1.5204429043922782,0.7918042624417129,-0.6030142937445416,-0.5569810832021675,1.0081418355868756,1,-0.6975544375433673,0.7571392007516898,0.3358675545162248,0.12184480100319,12.18,LOW
1.503600151238394,-0.0356022777591291,1.1665009239467234,1.5204429043922782,-1.1345847570640777,1.3270726089586085,-1.076337667207504,0.8715927585738897,0,1.467997873479265,0.8123791339900356,-1.4283782361414847,0.0758098119187371,7.58,LOW
0.0227070278913214,-0.7202614654346888,1.1665009239467234,0.7643797992742881,0.0329237396060985,0.7756192081862798,1.520445252819178,-0.9035452425949276,1,-0.6975544375433673,7.92474959077645,1.179286543082199,0.2920937747382057,29.21,LOW
1.503600151238394,-1.4049206531102485,-1.3154159355143902,-1.5038095160796825,1.2004322362762745,-0.6030142937445416,0.5971446590319134,-1.0400943196079138,1,0.0986794981281455,37.5067972417435,-0.3600867648294544,0.8446525925604231,84.47,CRITICAL
0.0227070278913214,1.3337160975919902,1.6628842958389465,0.7643797992742881,-0.667581358396007,-1.4301943949030345,0.135494362138281,1.3495145281193406,1,1.3564231254833117,0.3253352086680361,-0.1937832772711314,0.5487526723259094,54.88,MODERATE
0.5163380690070124,1.3337160975919902,-0.5708408776760562,0.0083166941562979,-0.7259567832295158,1.051345908572444,1.1165012430372498,-0.4938980115559698,1,1.850054166599003,0.0164328422851429,1.1738290137832608,0.2591234421468477,25.91,LOW
1.503600151238394,0.6490569099164305,0.173734180162278,0.386348246715293,-0.2005779597279366,-0.6030142937445416,1.289620104372362,-1.0400943196079138,1,2.152657061154825,-9.6359846106239,-0.777659356436862,0.8976175779301462,89.76,CRITICAL
-0.4709240132243694,-0.7202614654346888,0.918309238000612,0.7643797992742881,-1.251335606731095,0.0863024572208691,-1.5379879641011365,-0.9035452425949276,0,-1.1911854786590583,7.92474959077645,-0.1327321404780498,0.1411767084089055,14.12,LOW
1.0099691101227033,-1.4049206531102485,0.4219258661083894,0.0083166941562979,1.025305961775748,0.7756192081862798,0.6548509461436175,1.3495145281193406,0,-0.3949515429875452,0.003539750044855,0.5079149723279488,0.6921820321260692,69.22,HIGH
-1.4581860954557513,0.6490569099164305,-1.3154159355143902,0.7643797992742881,0.6166779879411866,-0.8787409941307059,1.520445252819178,1.2812399896128477,1,-0.8091291855393208,0.33507206727689,-1.3360775729836372,0.7803157799179923,78.03,HIGH
0.0227070278913214,-0.0356022777591291,1.1665009239467234,1.5204429043922782,1.1420568114427656,0.3620291576070334,-1.3648691027660242,-1.7228397046728436,0,-0.0128952498678076,-2.1034302550942865,-0.4941224115182512,0.5598748445360248,55.99,MODERATE
-0.9645550543400604,0.6490569099164305,-1.0672242495682789,-0.7477464109616921,-1.0178339073970597,0.3620291576070334,-0.4992747960904635,0.9398672970803827,1,-0.3154981444236298,-0.3854626613310589,-0.1807520338430538,0.4977705854190291,49.78,MODERATE
0.0227070278913214,0.6490569099164305,-1.0672242495682789,1.1424113518332832,-0.1422025348944278,-1.7059210952891988,1.40503267859577,1.2129654511063548,1,0.671763937807752,0.5162355116127745,-2.396874885987213,0.8444232225565393,84.44,CRITICAL
-0.9645550543400604,-0.7202614654346888,-1.5636076214605017,-1.1257779635206873,-1.251335606731095,-1.2923310447099523,0.135494362138281,-0.4938980115559698,0,-1.684816519774749,-2.224409287507052,-0.1751035705744733,0.0746068147752078,7.46,LOW
1.0099691101227033,-0.0356022777591291,0.173734180162278,0.7643797992742881,-0.2589533845614454,-1.2923310447099523,-0.7878062316489837,-0.9718197811014208,1,0.974366832363574,27.12469346051906,1.0181064503759418,0.4203021308206468,42.03,MODERATE
1.0099691101227033,0.6490569099164305,-0.3226491917299448,-1.1257779635206873,0.9669305369422392,-0.8787409941307059,-0.3838622218670554,-1.244917935127393,0,1.6590260200391338,4.596551750834908,0.3373154704526778,0.0476279462842563,4.76,LOW
1.0099691101227033,-1.4049206531102485,1.1665009239467234,-0.3697148584026971,-1.48483730606513,-0.7408776439376238,0.1932006492499851,-1.244917935127393,0,-0.3949515429875452,1.5095458738470582,-0.1431380418235482,0.0206121956969714,2.06,LOW
-0.9645550543400604,-1.4049206531102485,1.414692609892835,0.7643797992742881,0.2080500141066249,0.4998925078001155,-0.1530370734202392,1.2812399896128477,0,-2.369475707450309,0.33507206727689,-0.0765020864184337,0.0538910103744948,5.39,LOW
0.0227070278913214,1.3337160975919902,0.173734180162278,-0.7477464109616921,-1.6599635805656563,-1.15446769451687,1.5781515399308823,-0.9718197811014208,0,1.3564231254833117,-26.534442959894506,-1.821924969902254,0.1259642604143246,12.6,LOW
1.0099691101227033,-0.0356022777591291,0.918309238000612,-1.1257779635206873,-0.6092059335624982,-0.8787409941307059,0.7125572332553215,1.4860636051323266,1,0.974366832363574,-0.4528355433853693,-0.6261532515258066,0.8783904558395411,87.84,CRITICAL
0.5163380690070124,-0.0356022777591291,0.4219258661083894,0.7643797992742881,0.0912991644396073,0.913482558379362,0.5971446590319134,0.4619455275349319,1,0.4807357912478832,0.5228510808902379,0.5454812308550441,0.8413412614670785,84.13,CRITICAL
1.503600151238394,1.3337160975919902,-0.5708408776760562,-1.5038095160796825,-0.7843322080630246,0.913482558379362,0.4817320848085053,1.2812399896128477,1,2.837316248830384,-0.6592070641085402,0.4400538572842972,0.8942229401376147,89.42,CRITICAL
-0.9645550543400604,0.6490569099164305,1.6628842958389465,1.1424113518332832,-0.9010830577300422,-1.2923310447099523,-0.4992747960904635,-0.0159762420105189,0,-0.3154981444236298,1.1609591156288883,0.645228318828937,0.6558703062938317,65.59,HIGH
-0.9645550543400604,-0.0356022777591291,1.1665009239467234,-0.7477464109616921,1.375558510776801,-1.016604344323788,1.0587949559255458,0.8715927585738897,0,-1.0001573320991894,-0.3995240992124043,-1.0763755519420235,0.121404267346051,12.14,LOW
0.0227070278913214,-1.4049206531102485,1.6628842958389465,-1.1257779635206873,1.083681386609257,-0.8787409941307059,-0.7878062316489837,0.1205728350024669,1,-1.382213625218927,-1.0046450604152015,0.6922776311815931,0.7714662173086985,77.15,HIGH
-0.9645550543400604,-1.4049206531102485,-1.0672242495682789,-0.7477464109616921,-1.4264618812316214,0.6377558579931977,0.1932006492499851,-1.4497415506468716,0,-2.369475707450309,1.662613583037179,0.123214845827267,0.0975800670687709,9.76,LOW
-0.9645550543400604,-0.7202614654346888,-0.5708408776760562,0.0083166941562979,0.6750534127746953,-1.15446769451687,-1.4225753898777282,-1.244917935127393,1,-1.684816519774749,-0.0339570646468667,1.6423173306285783,0.8541297472785931,85.41,CRITICAL
1.0099691101227033,-0.0356022777591291,-0.5708408776760562,1.1424113518332832,-0.2005779597279366,0.913482558379362,0.8856760945904336,-0.0842507805170119,1,0.974366832363574,1.2475155070055792,0.8090496647819111,0.7844784382741732,78.45,HIGH
0.0227070278913214,0.6490569099164305,-0.5708408776760562,0.7643797992742881,-0.083827110060919,-1.4301943949030345,-1.4225753898777282,0.0522982964959739,1,0.671763937807752,0.7263907979510946,2.034559348930126,0.8783088058304485,87.83,CRITICAL
1.0099691101227033,1.3337160975919902,-1.0672242495682789,0.7643797992742881,-1.601588155732148,-0.8787409941307059,0.1932006492499851,1.3495145281193406,1,2.343685207714693,0.3253352086680361,-0.1697733305886297,0.8282400304569061,82.82,CRITICAL
1.503600151238394,1.3337160975919902,0.918309238000612,0.7643797992742881,1.2004322362762745,1.1892092587655263,-1.7111068254362485,-0.2207998575299979,0,2.837316248830384,0.9809800558445296,-2.034864079545674,0.1671203831728054,16.71,LOW
1.503600151238394,0.6490569099164305,1.6628842958389465,1.1424113518332832,-1.3680864563981123,0.0863024572208691,-1.191750241430912,0.2571219120154529,1,2.152657061154825,0.9087514432086682,-0.1028509742290517,0.8375143669653069,83.75,CRITICAL
1.0099691101227033,-0.7202614654346888,0.6701175520545007,-1.5038095160796825,-1.192960181897586,-0.8787409941307059,-0.5569810832021675,1.2812399896128477,0,0.2897076446880144,-0.6592070641085402,0.4894421107650701,0.0398856938054315,3.99,LOW
1.503600151238394,1.3337160975919902,1.6628842958389465,-0.3697148584026971,0.2080500141066249,-1.15446769451687,-1.4802816769894322,1.4177890666258337,1,2.837316248830384,-0.1529144388590754,1.7089373748695562,0.4885995756681619,48.86,MODERATE
0.0227070278913214,-0.0356022777591291,-0.8190325636221675,0.386348246715293,0.6750534127746953,1.1892092587655263,-1.6534005383245445,-0.2207998575299979,0,-0.0128952498678076,0.4958267146751283,-1.9662392286234536,0.1135724687495095,11.36,LOW
-1.4581860954557513,-0.7202614654346888,0.4219258661083894,1.5204429043922782,-0.2589533845614454,-1.15446769451687,-0.4992747960904635,1.5543381436388195,1,-2.17844756089044,0.5952394784452105,0.5763966227729378,0.8800929110167823,88.01,CRITICAL
1.0099691101227033,-0.0356022777591291,1.414692609892835,-1.1257779635206873,1.083681386609257,1.3270726089586085,1.0010886688138418,1.4177890666258337,1,0.974366832363574,-0.4656229027835651,1.3285173515216857,0.2077440232641854,20.77,LOW
0.5163380690070124,-1.4049206531102485,0.6701175520545007,-1.5038095160796825,-0.959458482563551,-1.5680577450961166,1.520445252819178,-0.4256234730494769,0,-0.8885825841032361,-2.618159770671166,-2.3841459546777357,0.0969087407496164,9.69,LOW
0.5163380690070124,-0.7202614654346888,0.4219258661083894,-1.1257779635206873,-1.192960181897586,1.051345908572444,-1.6534005383245445,-0.5621725500624628,0,-0.2039233964276764,-2.5712822795402546,-1.7382958911989863,0.0573656139353177,5.74,LOW
-0.9645550543400604,1.3337160975919902,-1.3154159355143902,0.7643797992742881,1.375558510776801,1.1892092587655263,-1.191750241430912,-0.5621725500624628,1,0.3691610432519299,1.7458471354030878,-1.417240421245692,0.8151004409748069,81.51,CRITICAL
1.503600151238394,-0.7202614654346888,0.173734180162278,-0.7477464109616921,-0.959458482563551,-1.016604344323788,0.1932006492499851,-1.6545651661663503,0,0.7833386858037052,1.1423559480579824,-0.1964086193537112,0.0688714046112963,6.89,LOW
0.5163380690070124,-0.7202614654346888,0.173734180162278,-1.1257779635206873,0.0912991644396073,0.2241658074139512,-0.8455125187606878,-1.5180160891533647,0,-0.2039233964276764,2.1732490304705334,-0.1895349964465932,0.0437731745878083,4.38,LOW
-0.9645550543400604,-0.7202614654346888,-0.0744575057838333,0.7643797992742881,0.6750534127746953,1.051345908572444,1.0010886688138418,0.2571219120154529,0,-1.684816519774749,0.6080395162699958,1.0524904760756673,0.1641547803690556,16.42,LOW
-1.4581860954557513,-0.7202614654346888,0.173734180162278,-1.1257779635206873,-1.0762093322305686,-0.4651509435514595,1.1742075301489538,0.4619455275349319,0,-2.17844756089044,-0.7700546582053057,-0.5461837405740146,0.1697783281529543,16.98,LOW
0.0227070278913214,-0.0356022777591291,1.6628842958389465,-0.7477464109616921,-1.48483730606513,1.3270726089586085,0.4817320848085053,0.6667691430544108,1,-0.0128952498678076,-0.4486202627866157,0.6392934546058928,0.7521628265937144,75.22,HIGH
0.0227070278913214,-1.4049206531102485,-1.0672242495682789,0.7643797992742881,0.2664254389401337,1.4649359591516906,-0.4992747960904635,-0.5621725500624628,0,-1.382213625218927,1.7458471354030878,-0.7314056022910479,0.136857197980697,13.69,LOW
0.0227070278913214,0.6490569099164305,1.414692609892835,-0.3697148584026971,0.4999271382741689,-0.8787409941307059,-1.076337667207504,0.7350436815609038,0,0.671763937807752,-0.213086772587817,0.945822031702247,0.1704524737651024,17.05,LOW
0.5163380690070124,-0.7202614654346888,-0.3226491917299448,-1.5038095160796825,0.9669305369422392,-1.15446769451687,-0.3838622218670554,-0.4938980115559698,0,-0.2039233964276764,-2.97135666410445,0.4431565342909827,0.035757565892979,3.58,LOW
-1.4581860954557513,1.3337160975919902,-1.5636076214605017,0.0083166941562979,-1.48483730606513,-1.7059210952891988,0.9433823817021376,1.4177890666258337,0,-0.1244699978637611,0.0034397931031694,-1.6093359058698438,0.1385924709772764,13.86,LOW
0.5163380690070124,-0.7202614654346888,-0.0744575057838333,1.5204429043922782,0.4999271382741689,-0.051560892972213,0.5394383719202094,0.1205728350024669,0,-0.2039233964276764,1.3568443361282545,-0.0278139241596827,0.0457662152268656,4.58,LOW
1.503600151238394,1.3337160975919902,-1.5636076214605017,1.1424113518332832,-0.6092059335624982,1.051345908572444,0.4240257976968012,0.9398672970803827,0,2.837316248830384,0.588912114531072,0.4457977875376989,0.2171186623825702,21.71,LOW
0.5163380690070124,-0.0356022777591291,0.4219258661083894,1.5204429043922782,-1.3680864563981123,0.6377558579931977,1.6935641141542903,-0.4256234730494769,0,0.4807357912478832,2.647118802825397,1.0800804346889592,0.0416953429570695,4.17,LOW
-1.4581860954557513,1.3337160975919902,-1.5636076214605017,1.5204429043922782,0.2664254389401337,-0.051560892972213,1.6358578270425863,1.5543381436388195,0,-0.1244699978637611,0.5952394784452105,-0.0843462903378997,0.1337256597113038,13.37,LOW
-1.4581860954557513,0.6490569099164305,-1.5636076214605017,0.7643797992742881,-0.667581358396007,1.051345908572444,-1.191750241430912,0.4619455275349319,1,-0.8091291855393208,0.5228510808902379,-1.2529417403686118,0.936692043608744,93.67,CRITICAL
1.503600151238394,-1.4049206531102485,-0.0744575057838333,-0.3697148584026971,-0.959458482563551,1.051345908572444,0.2509069363616891,-0.9718197811014208,0,0.0986794981281455,-13.119658854791114,0.2637899809763085,0.0713844323877878,7.14,LOW
-1.4581860954557513,1.3337160975919902,-1.3154159355143902,0.0083166941562979,0.6750534127746953,0.6377558579931977,1.1742075301489538,-0.7669961655819418,1,-0.1244699978637611,0.0356933789397477,0.7488577308522196,0.9128252125426316,91.28,CRITICAL
-1.4581860954557513,1.3337160975919902,1.6628842958389465,-1.5038095160796825,-0.375704234228463,-1.15446769451687,1.0587949559255458,1.0081418355868756,0,-0.1244699978637611,-0.7488562259050775,-1.222344571733456,0.1091676674079805,10.92,LOW
0.0227070278913214,-1.4049206531102485,-0.5708408776760562,-1.5038095160796825,-0.6092059335624982,-0.051560892972213,0.077788075026577,0.8715927585738897,0,-1.382213625218927,-0.8034918436132176,-0.0040108226109598,0.080847533037876,8.08,LOW
1.503600151238394,0.6490569099164305,0.173734180162278,-0.7477464109616921,0.9085551121087304,-1.2923310447099523,-1.3648691027660242,-1.6545651661663503,1,2.152657061154825,1.1423559480579824,1.7638627134699514,0.8523678751995213,85.24,CRITICAL
-0.4709240132243694,-0.7202614654346888,0.173734180162278,1.1424113518332832,-1.0762093322305686,0.4998925078001155,-0.5569810832021675,0.1888473735089599,0,-1.1911854786590583,0.9609403000667632,-0.2784306704791564,0.0745444368758377,7.45,LOW
-0.4709240132243694,1.3337160975919902,-1.0672242495682789,-1.1257779635206873,-1.6599635805656563,-1.4301943949030345,-0.6146873703138716,1.0081418355868756,1,0.8627920843676207,-0.5606067975729816,0.879122431640585,0.8588016471629888,85.88,CRITICAL
-1.4581860954557513,-1.4049206531102485,-0.0744575057838333,-0.3697148584026971,-0.3173288093949542,0.4998925078001155,-0.2684496476436473,-1.1083688581144069,1,-2.863106748566,3.4116337925456723,-0.1341959675786402,0.7709860426677178,77.1,HIGH
-0.4709240132243694,-0.0356022777591291,-1.0672242495682789,-1.1257779635206873,1.4339339356103096,-0.3272875933583773,-1.5379879641011365,-1.6545651661663503,0,-0.5065262909834986,1.7198867610296622,0.5033643793848114,0.0870859686366026,8.71,LOW
-0.4709240132243694,-1.4049206531102485,-0.3226491917299448,0.0083166941562979,-1.3097110315646037,1.051345908572444,0.8856760945904336,-1.0400943196079138,1,-1.875844666334618,-0.2074282401504188,0.9311519383680734,0.0897016012738509,8.97,LOW
-1.4581860954557513,-0.0356022777591291,-0.3226491917299448,1.5204429043922782,-0.2589533845614454,0.913482558379362,1.231913817260658,-0.9035452425949276,1,-1.4937883732148804,15.763275397676994,1.1253317854941516,0.8542568484654613,85.43,CRITICAL
-0.4709240132243694,0.6490569099164305,-1.0672242495682789,-1.5038095160796825,-0.4924550838954806,1.3270726089586085,-0.4992747960904635,-1.1083688581144069,0,0.178132896692061,13.87676812550786,-0.6625739062350486,0.1464960867758342,14.65,LOW
0.5163380690070124,-0.7202614654346888,-0.0744575057838333,0.0083166941562979,-0.8427076328965334,1.051345908572444,-0.9032188058723918,-0.8352707040884347,0,-0.2039233964276764,0.0504870375987206,-0.9495953960996278,0.0609164456599623,6.09,LOW
-0.9645550543400604,-1.4049206531102485,-1.0672242495682789,1.5204429043922782,-1.6599635805656563,-1.2923310447099523,1.462738965707474,-0.5621725500624628,0,-2.369475707450309,3.4726989013804244,-1.890342975690695,0.1169055679084371,11.69,LOW
1.503600151238394,1.3337160975919902,0.173734180162278,-1.5038095160796825,-1.0178339073970597,-1.5680577450961166,0.5394383719202094,-1.1766433966208998,1,2.837316248830384,8.513250678184464,-0.8458705170915238,0.9007898048787948,90.08,CRITICAL
-0.9645550543400604,0.6490569099164305,0.6701175520545007,1.5204429043922782,1.6674356349443449,0.913482558379362,-0.5569810832021675,0.8715927585738897,1,-0.3154981444236298,0.8123791339900356,-0.5087925048524243,0.805399603278692,80.54,CRITICAL
-1.4581860954557513,-1.4049206531102485,-0.8190325636221675,1.1424113518332832,-1.3097110315646037,0.3620291576070334,-0.9032188058723918,0.1205728350024669,1,-2.863106748566,1.019488708050618,-0.3269915434248126,0.8317668597757785,83.18,CRITICAL
0.0227070278913214,1.3337160975919902,1.414692609892835,-0.3697148584026971,-0.8427076328965334,0.6377558579931977,-0.4992747960904635,-1.5862906276598576,1,1.3564231254833117,0.6305999805563852,-0.3184154259550523,0.8523601247371199,85.24,CRITICAL
1.503600151238394,-1.4049206531102485,-1.5636076214605017,0.0083166941562979,-0.4924550838954806,-0.7408776439376238,1.231913817260658,-0.4256234730494769,0,0.0986794981281455,0.0144795160771157,-0.9126974064662806,0.1989060011194565,19.89,LOW
-1.4581860954557513,-0.0356022777591291,-0.8190325636221675,0.0083166941562979,-0.6092059335624982,-1.4301943949030345,-0.1530370734202392,-1.3814670121403787,0,-1.4937883732148804,-0.0218018698645361,0.2188727646179902,0.1052136048558991,10.52,LOW
0.0227070278913214,-1.4049206531102485,1.6628842958389465,0.386348246715293,1.7841864846113624,-0.6030142937445416,-0.960925092984096,0.0522982964959739,1,-1.382213625218927,0.3671470798743911,0.5794515662872126,0.9085534812606666,90.86,CRITICAL
-0.9645550543400604,-1.4049206531102485,-0.0744575057838333,0.7643797992742881,-0.0254516852274102,0.913482558379362,-0.2107433605319432,-1.6545651661663503,0,-2.369475707450309,-1.1677673038287366,-0.1925103841401837,0.0860050630718271,8.6,LOW
-1.4581860954557513,-1.4049206531102485,0.918309238000612,1.1424113518332832,-0.2589533845614454,-1.016604344323788,0.5971446590319134,0.1888473735089599,1,-2.863106748566,0.9609403000667632,-0.6070598545615903,0.8561115966895816,85.61,CRITICAL
1.503600151238394,0.6490569099164305,-0.8190325636221675,1.1424113518332832,0.2080500141066249,-0.4651509435514595,0.5394383719202094,0.8033182200673968,0,2.152657061154825,0.6335051346570363,-0.2509202676865485,0.1503704839313071,15.04,LOW
1.503600151238394,-1.4049206531102485,1.414692609892835,-1.1257779635206873,1.1420568114427656,1.051345908572444,1.5781515399308823,-1.5862906276598576,0,0.0986794981281455,1.9201704929416317,1.6591831646136352,0.1332020343014646,13.32,LOW
1.0099691101227033,1.3337160975919902,-0.3226491917299448,1.5204429043922782,0.1496745892731161,-0.4651509435514595,-0.1530370734202392,-0.6987216270754488,1,2.343685207714693,5.046638063107972,0.0711853390997782,0.7826969873286811,78.27,HIGH
0.5163380690070124,-0.0356022777591291,0.4219258661083894,0.7643797992742881,1.1420568114427656,-0.051560892972213,-0.2684496476436473,0.2571219120154529,1,0.4807357912478832,0.6080395162699958,0.0138415035505824,0.5796350124302463,57.96,MODERATE
-0.4709240132243694,-0.0356022777591291,-1.5636076214605017,-0.3697148584026971,0.3248008637736425,0.4998925078001155,1.0587949559255458,0.9398672970803827,0,-0.5065262909834986,-0.1905877061586327,0.529283665763734,0.1703072350765405,17.03,LOW
0.0227070278913214,-1.4049206531102485,1.414692609892835,-0.3697148584026971,0.8501796872752218,-0.6030142937445416,-1.6534005383245445,-1.6545651661663503,1,-1.382213625218927,0.5648251350863026,0.9970241578946202,0.9054782152932356,90.55,CRITICAL
1.0099691101227033,0.6490569099164305,-0.5708408776760562,1.1424113518332832,0.4999271382741689,0.4998925078001155,-0.3261559347553513,-0.6304470885689558,0,1.6590260200391338,3.091333653439363,-0.1630429081587434,0.0754321304077487,7.54,LOW
-0.4709240132243694,0.6490569099164305,0.918309238000612,-0.3697148584026971,-0.2005779597279366,1.4649359591516906,1.462738965707474,1.0081418355868756,1,0.178132896692061,-0.1841079409087897,2.1428189097172305,0.8544122385563289,85.44,CRITICAL
-0.4709240132243694,1.3337160975919902,-0.0744575057838333,0.386348246715293,-1.0762093322305686,-0.6030142937445416,-1.5956942512128405,-0.9718197811014208,1,0.8627920843676207,13.70990935541567,0.9622264419273362,0.9075919977060948,90.76,CRITICAL
-1.4581860954557513,-1.4049206531102485,-1.5636076214605017,0.0083166941562979,0.3248008637736425,-0.6030142937445416,-1.3071628156543202,0.5984946045479178,1,-2.863106748566,0.0052028290446748,0.7882378620909164,0.8574327442253975,85.74,CRITICAL
-0.4709240132243694,-0.0356022777591291,1.6628842958389465,-0.7477464109616921,-1.251335606731095,-1.7059210952891988,0.7702635203670256,1.1446909125998617,1,-0.5065262909834986,-0.3486499646959619,-1.3140087883258305,0.1188252276573246,11.88,LOW
0.5163380690070124,0.6490569099164305,-0.8190325636221675,-1.1257779635206873,0.9669305369422392,-1.5680577450961166,0.135494362138281,-1.7228397046728436,0,1.1653949789234428,1.5574379163776193,-0.2124629839677896,0.046084250674603,4.61,LOW
1.503600151238394,-1.4049206531102485,-0.3226491917299448,1.5204429043922782,-0.9010830577300422,0.3620291576070334,0.6548509461436175,1.2812399896128477,0,0.0986794981281455,0.6664984444053668,0.2370751363905426,0.0399954440034567,4.0,LOW
1.0099691101227033,0.6490569099164305,-1.3154159355143902,1.5204429043922782,-1.1345847570640777,-1.7059210952891988,1.231913817260658,-0.7669961655819418,1,1.6590260200391338,6.525398640711989,-2.1015477684432,0.8665673675381191,86.66,CRITICAL
-0.4709240132243694,0.6490569099164305,0.6701175520545007,-1.5038095160796825,-1.601588155732148,-0.4651509435514595,0.2509069363616891,-0.0159762420105189,0,0.178132896692061,-1.5282248054175107,-0.1167095981922457,0.0481667476842946,4.82,LOW
-1.4581860954557513,-0.0356022777591291,-0.5708408776760562,-0.7477464109616921,0.9669305369422392,0.6377558579931977,-1.4225753898777282,0.7350436815609038,1,-1.4937883732148804,-0.430966908158182,-0.9072557883314782,0.8625302139302481,86.25,CRITICAL
0.5163380690070124,-0.7202614654346888,0.918309238000612,1.1424113518332832,-1.192960181897586,-0.7408776439376238,0.4817320848085053,-0.3573489345429839,0,-0.2039233964276764,1.7776541785095563,-0.356904532002085,0.0227664218993963,2.28,LOW
-0.9645550543400604,1.3337160975919902,0.6701175520545007,0.386348246715293,-1.543212730898639,1.051345908572444,1.231913817260658,1.5543381436388195,1,0.3691610432519299,0.1512518018326716,1.2951675514908545,0.8187819978965811,81.88,CRITICAL
1.503600151238394,1.3337160975919902,-1.5636076214605017,0.0083166941562979,-0.4924550838954806,-0.3272875933583773,-0.4415685089787594,0.3253964505219459,1,2.837316248830384,0.0062748728148644,0.1445198946065052,0.9144408476728032,91.44,CRITICAL
1.503600151238394,-0.0356022777591291,-0.3226491917299448,0.0083166941562979,-0.2005779597279366,1.3270726089586085,-0.3261559347553513,-0.0842507805170119,1,1.467997873479265,0.0090818468412055,-0.4328326072631177,0.8072581452175459,80.73,CRITICAL
1.0099691101227033,0.6490569099164305,-0.3226491917299448,0.386348246715293,-1.251335606731095,-1.5680577450961166,1.6358578270425863,-0.2207998575299979,0,1.6590260200391338,0.4958267146751283,-2.565119535570231,0.1583820971891785,15.84,LOW
1.503600151238394,-1.4049206531102485,1.414692609892835,0.7643797992742881,1.083681386609257,-0.7408776439376238,1.1165012430372498,-0.1525253190235049,1,0.0986794981281455,0.9019500127054396,-0.827190810394866,0.8156598769136755,81.57,CRITICAL
-0.4709240132243694,0.6490569099164305,-0.8190325636221675,-1.5038095160796825,-1.601588155732148,1.1892092587655263,0.7125572332553215,0.8033182200673968,0,0.178132896692061,-0.8339124505842787,0.8473796591875751,0.1059456995596259,10.59,LOW
-1.4581860954557513,-0.0356022777591291,1.414692609892835,1.5204429043922782,-1.3680864563981123,-0.7408776439376238,-0.6723936574255757,0.1205728350024669,0,-1.4937883732148804,1.3568443361282545,0.4981614287120622,0.1268565049764153,12.69,LOW
1.503600151238394,1.3337160975919902,0.173734180162278,-0.7477464109616921,-0.083827110060919,0.4998925078001155,-1.4802816769894322,-0.3573489345429839,1,2.837316248830384,-1.1635340718371614,-0.739981719760808,0.9151129476781252,91.51,CRITICAL
1.503600151238394,0.6490569099164305,-0.8190325636221675,-0.3697148584026971,1.375558510776801,0.2241658074139512,1.1742075301489538,1.1446909125998617,1,2.152657061154825,-0.172386079612058,0.2632171790673817,0.8390525083440938,83.91,CRITICAL
-0.9645550543400604,1.3337160975919902,0.173734180162278,-1.5038095160796825,-0.0254516852274102,0.4998925078001155,-1.134043954319208,-0.5621725500624628,1,0.3691610432519299,-3.434708162528923,-0.5669000762801886,0.8510212189811608,85.1,CRITICAL
-0.9645550543400604,-1.4049206531102485,1.414692609892835,-0.7477464109616921,-0.2005779597279366,1.3270726089586085,1.462738965707474,0.6667691430544108,0,-2.369475707450309,-0.4486202627866157,1.941160815446834,0.5300483690277552,53.0,MODERATE
0.0227070278913214,1.3337160975919902,0.173734180162278,-1.1257779635206873,-0.2589533845614454,1.4649359591516906,-1.076337667207504,0.5984946045479178,0,1.3564231254833117,-0.7042738588655274,-1.576765752881718,0.6830389600540334,68.3,HIGH
0.5163380690070124,1.3337160975919902,-0.5708408776760562,-1.1257779635206873,-1.0178339073970597,-0.051560892972213,-1.191750241430912,1.2812399896128477,0,1.850054166599003,-0.4934938755443018,0.0614477066480283,0.2460092342469916,24.6,LOW
-0.4709240132243694,-0.7202614654346888,1.414692609892835,-1.5038095160796825,-1.4264618812316214,0.7756192081862798,-1.3071628156543202,-1.1766433966208998,0,-1.1911854786590583,8.513250678184464,-1.013860588048352,0.0777606333146194,7.78,LOW
1.503600151238394,-0.7202614654346888,-0.8190325636221675,1.1424113518332832,0.2664254389401337,-1.15446769451687,-0.3838622218670554,0.8033182200673968,0,0.7833386858037052,0.6335051346570363,0.4431565342909827,0.0295133075919565,2.95,LOW
1.503600151238394,-0.7202614654346888,1.1665009239467234,-0.7477464109616921,1.083681386609257,-0.1894242431652952,1.6935641141542903,0.2571219120154529,1,0.7833386858037052,-0.594808191484694,-0.32080210057558,0.8814484094038015,88.14,CRITICAL
-1.4581860954557513,1.3337160975919902,1.414692609892835,-0.7477464109616921,0.4415517134406601,-1.7059210952891988,-0.1530370734202392,1.2129654511063548,0,-0.1244699978637611,-0.3378933957544896,0.261069171908908,0.0654546089355867,6.55,LOW
0.0227070278913214,-0.0356022777591291,-1.3154159355143902,0.386348246715293,-0.8427076328965334,1.3270726089586085,0.5971446590319134,0.5302200660414249,1,-0.0128952498678076,0.2524788788809636,0.79245432058718,0.9277301232246568,92.77,CRITICAL
0.5163380690070124,1.3337160975919902,0.918309238000612,1.1424113518332832,0.8501796872752218,-1.15446769451687,0.3086132234733932,0.3936709890284389,1,1.850054166599003,0.8197138067928682,-0.3562839966007479,0.2440299113682896,24.4,LOW
0.0227070278913214,-0.0356022777591291,-1.0672242495682789,1.5204429043922782,0.3831762886071513,-0.7408776439376238,0.3663195105850972,-1.5862906276598576,1,-0.0128952498678076,-2.59332630040673,-0.2713979359306702,0.7820063660484731,78.2,HIGH
1.0099691101227033,-0.0356022777591291,-1.0672242495682789,1.5204429043922782,-0.8427076328965334,-0.051560892972213,-0.5569810832021675,-1.5862906276598576,1,0.974366832363574,-2.59332630040673,0.0287184420185342,0.4634096730605959,46.34,MODERATE
0.5163380690070124,-0.7202614654346888,-0.8190325636221675,-0.3697148584026971,0.7918042624417129,-0.7408776439376238,-1.3071628156543202,0.1205728350024669,1,-0.2039233964276764,-0.3299338042599284,0.9684477071048432,0.8342032126067045,83.42,CRITICAL
1.503600151238394,0.6490569099164305,-0.8190325636221675,0.0083166941562979,1.083681386609257,1.6027993093447728,1.40503267859577,1.2129654511063548,0,2.152657061154825,0.003758167192416,2.2519854068601366,0.2297784911592316,22.98,LOW
1.503600151238394,-1.4049206531102485,0.6701175520545007,-1.1257779635206873,-0.375704234228463,1.3270726089586085,-1.249456528542616,-0.7669961655819418,0,0.0986794981281455,-4.831585567389434,-1.6581195351134157,0.1616207375203307,16.16,LOW
0.5163380690070124,-0.7202614654346888,0.918309238000612,1.5204429043922782,-1.3680864563981123,-0.3272875933583773,0.9433823817021376,1.0081418355868756,0,-0.2039233964276764,0.7571392007516898,-0.3087573493239868,0.0149404800268744,1.49,LOW
1.503600151238394,-0.7202614654346888,0.918309238000612,1.1424113518332832,0.9669305369422392,-1.7059210952891988,-0.9032188058723918,-0.2207998575299979,0,0.7833386858037052,1.4661333970139312,1.5408200145996327,0.0488625429925112,4.89,LOW
-0.4709240132243694,0.6490569099164305,-0.5708408776760562,-0.7477464109616921,1.2004322362762745,-0.051560892972213,1.0010886688138418,0.9398672970803827,1,0.178132896692061,-0.3854626613310589,-0.0516170257084057,0.8500916443336826,85.01,CRITICAL
0.5163380690070124,-1.4049206531102485,-0.8190325636221675,1.5204429043922782,0.8501796872752218,0.7756192081862798,0.8856760945904336,-1.0400943196079138,0,-0.8885825841032361,-37.92165372204434,0.6869473911957488,0.0722259409275484,7.22,LOW
0.0227070278913214,1.3337160975919902,0.918309238000612,-0.7477464109616921,1.7258110597778535,1.4649359591516906,0.5394383719202094,1.4860636051323266,1,1.3564231254833117,-0.3007752534641573,0.7902426687721583,0.917145117699212,91.71,CRITICAL
0.5163380690070124,1.3337160975919902,1.6628842958389465,1.5204429043922782,0.7918042624417129,-1.4301943949030345,-0.7300999445372797,0.3936709890284389,1,1.850054166599003,1.0909625846859416,1.0441848483962335,0.7501538191900738,75.02,HIGH
1.503600151238394,-0.7202614654346888,0.6701175520545007,-1.1257779635206873,0.9085551121087304,1.4649359591516906,0.6548509461436175,0.6667691430544108,0,0.7833386858037052,-0.6754252490285854,0.9593146988902924,0.09245248817008,9.25,LOW
-0.4709240132243694,-1.4049206531102485,0.173734180162278,1.5204429043922782,-0.4924550838954806,0.4998925078001155,1.6935641141542903,0.4619455275349319,1,-1.875844666334618,1.0400133765284554,0.8466000121448694,0.1693042172686377,16.93,LOW
-0.4709240132243694,-0.7202614654346888,-0.3226491917299448,1.1424113518332832,-0.375704234228463,-1.15446769451687,-0.6146873703138716,-0.1525253190235049,0,-1.1911854786590583,1.3480182682472002,0.7096367112548929,0.1285309611409548,12.85,LOW
1.0099691101227033,-0.0356022777591291,-0.3226491917299448,1.5204429043922782,0.7918042624417129,0.913482558379362,-1.4225753898777282,0.8715927585738897,0,0.974366832363574,0.8123791339900356,-1.2994978066330256,0.051691958644622,5.17,LOW
0.0227070278913214,-0.7202614654346888,0.173734180162278,0.0083166941562979,1.4923093604438185,1.051345908572444,-1.076337667207504,0.5302200660414249,1,-0.6975544375433673,0.0054349660815863,-1.1316032026610183,0.8434344769776699,84.34,CRITICAL
-0.9645550543400604,-0.7202614654346888,-0.0744575057838333,-1.1257779635206873,-0.7843322080630246,-0.7408776439376238,-1.6534005383245445,0.1205728350024669,0,-1.684816519774749,-1.0046450604152015,1.2249674953190874,0.1645481456954719,16.45,LOW
-0.9645550543400604,1.3337160975919902,0.6701175520545007,1.1424113518332832,1.025305961775748,0.0863024572208691,-1.3648691027660242,0.7350436815609038,1,0.3691610432519299,0.6584337696936433,-0.1177915573535508,0.8634781213145435,86.35,CRITICAL
0.5163380690070124,1.3337160975919902,1.6628842958389465,0.386348246715293,1.375558510776801,-1.2923310447099523,-0.8455125187606878,-1.3131924736338856,0,1.850054166599003,-1.2335808783416833,1.092682076685343,0.1094237992750894,10.94,LOW
1.0099691101227033,1.3337160975919902,0.918309238000612,1.1424113518332832,1.7841864846113624,-0.3272875933583773,-1.5956942512128405,-1.5180160891533647,0,2.343685207714693,-2.205358821384135,0.5222509312152486,0.0973962716278266,9.74,LOW
-1.4581860954557513,-0.0356022777591291,1.1665009239467234,0.0083166941562979,-0.8427076328965334,0.913482558379362,0.8279698074787296,0.7350436815609038,1,-1.4937883732148804,0.004793362982548,0.7563359779965377,0.8353193619113167,83.53,CRITICAL
0.5163380690070124,1.3337160975919902,0.6701175520545007,-1.1257779635206873,-0.2589533845614454,0.2241658074139512,-1.5956942512128405,-1.7228397046728436,0,1.850054166599003,1.5574379163776193,-0.3577000902089267,0.1092310247610894,10.92,LOW
1.0099691101227033,-1.4049206531102485,1.414692609892835,0.386348246715293,0.3831762886071513,0.7756192081862798,-0.2107433605319432,-1.7228397046728436,0,-0.3949515429875452,-0.5344867530348983,-0.1634565984263015,0.0593950559540765,5.94,LOW
0.0227070278913214,0.6490569099164305,0.173734180162278,0.0083166941562979,-1.0762093322305686,-0.8787409941307059,1.1165012430372498,1.4177890666258337,0,0.671763937807752,0.0034397931031694,-0.981115412254722,0.6502072373422807,65.02,HIGH
0.0227070278913214,-1.4049206531102485,1.6628842958389465,0.0083166941562979,1.2588076611097834,0.7756192081862798,0.7125572332553215,-0.4256234730494769,1,-1.382213625218927,0.0144795160771157,0.5526730770448988,0.8502732037315592,85.03,CRITICAL
0.0227070278913214,-1.4049206531102485,-1.3154159355143902,-1.5038095160796825,-0.8427076328965334,0.7756192081862798,0.5394383719202094,-0.4938980115559698,0,-1.382213625218927,-2.97135666410445,0.4183987628940487,0.120335708339956,12.03,LOW
0.0227070278913214,1.3337160975919902,0.4219258661083894,-1.1257779635206873,-1.48483730606513,-0.3272875933583773,0.4240257976968012,0.1888473735089599,0,1.3564231254833117,-0.9469491110518928,-0.1387783828500522,0.0705705244143914,7.06,LOW
0.0227070278913214,0.6490569099164305,-1.5636076214605017,1.1424113518332832,-0.4924550838954806,-1.15446769451687,0.135494362138281,-1.1083688581144069,0,0.671763937807752,-10.541878651403913,-0.1564238638778152,0.1310832416969634,13.11,LOW
1.0099691101227033,0.6490569099164305,0.173734180162278,-0.7477464109616921,-0.959458482563551,-1.15446769451687,-0.1530370734202392,-0.5621725500624628,0,1.6590260200391338,-1.7078563965515858,0.1766763573270725,0.5082611038819471,50.83,MODERATE
1.0099691101227033,0.6490569099164305,1.1665009239467234,-0.7477464109616921,-0.4340796590619718,1.1892092587655263,-1.7111068254362485,0.1205728350024669,1,1.6590260200391338,-0.667289432337565,-2.034864079545674,0.8777478603506152,87.77,CRITICAL
-0.4709240132243694,-0.0356022777591291,0.918309238000612,1.1424113518332832,-0.6092059335624982,-0.7408776439376238,1.40503267859577,0.5984946045479178,1,-0.5065262909834986,0.7146795169548771,-1.0409573005734027,0.3325938798084774,33.26,MODERATE
-0.9645550543400604,1.3337160975919902,1.1665009239467234,1.1424113518332832,0.2664254389401337,-0.4651509435514595,-1.3071628156543202,1.1446909125998617,0,0.3691610432519299,0.5326694607235577,0.6080280170769895,0.1651105744477594,16.51,LOW
1.503600151238394,0.6490569099164305,1.1665009239467234,-1.1257779635206873,-0.9010830577300422,-1.016604344323788,0.3663195105850972,1.4177890666258337,1,2.152657061154825,-0.4656229027835651,-0.3724020058713737,0.9277366667216272,92.77,CRITICAL
0.0227070278913214,-0.0356022777591291,-0.8190325636221675,1.1424113518332832,-1.48483730606513,0.2241658074139512,0.077788075026577,0.3253964505219459,0,-0.0128952498678076,0.8619393475690971,0.0174374266455096,0.0506618598502891,5.07,LOW
-1.4581860954557513,-0.7202614654346888,-0.8190325636221675,-1.5038095160796825,1.083681386609257,0.3620291576070334,1.6935641141542903,0.0522982964959739,1,-2.17844756089044,-1.4290715105091265,0.6131195896007795,0.8803974772073067,88.04,CRITICAL
1.503600151238394,-0.7202614654346888,-0.5708408776760562,0.386348246715293,1.375558510776801,0.4998925078001155,1.0010886688138418,-1.0400943196079138,1,0.7833386858037052,-9.6359846106239,0.5004367251836307,0.8575965098960086,85.76,CRITICAL
1.0099691101227033,-0.0356022777591291,0.173734180162278,1.1424113518332832,1.317183085943292,-0.7408776439376238,0.7125572332553215,1.5543381436388195,0,0.974366832363574,0.4472435862410309,-0.5279177241449144,0.1024897729645615,10.25,LOW
-1.4581860954557513,-0.0356022777591291,-0.5708408776760562,-0.7477464109616921,0.9669305369422392,-0.7408776439376238,0.3663195105850972,1.5543381436388195,1,-1.4937883732148804,-0.2927358747798673,-0.2713979359306702,0.8663807664355371,86.64,CRITICAL
-1.4581860954557513,1.3337160975919902,0.173734180162278,1.1424113518332832,-0.1422025348944278,1.6027993093447728,-1.5379879641011365,0.8033182200673968,1,-0.1244699978637611,0.6335051346570363,-2.4650860466418743,0.9198122611951663,91.98,CRITICAL
-1.4581860954557513,1.3337160975919902,0.6701175520545007,-1.5038095160796825,-0.0254516852274102,-0.6030142937445416,-0.0376244991968311,-1.4497415506468716,0,-0.1244699978637611,3.343719329283063,0.0226881108106691,0.0732382555040198,7.32,LOW
-0.4709240132243694,-0.7202614654346888,-1.5636076214605017,1.5204429043922782,1.025305961775748,-1.5680577450961166,-1.4225753898777282,-1.244917935127393,0,-1.1911854786590583,-6.207968818622566,2.2306803580809,0.1050297659222024,10.5,LOW
1.0099691101227033,0.6490569099164305,1.1665009239467234,1.5204429043922782,-0.083827110060919,0.2241658074139512,0.8856760945904336,0.5302200660414249,0,1.6590260200391338,0.9936106172790954,0.1985382968510996,0.1603913559295272,16.04,LOW
-1.4581860954557513,-0.7202614654346888,0.6701175520545007,0.0083166941562979,0.3248008637736425,0.6377558579931977,1.347326391484066,1.4860636051323266,1,-2.17844756089044,0.0033453263782667,0.8592652987977994,0.8330211334057389,83.3,CRITICAL
0.0227070278913214,0.6490569099164305,0.4219258661083894,-0.3697148584026971,-1.251335606731095,-1.4301943949030345,-0.6723936574255757,-0.9718197811014208,1,0.671763937807752,-13.119658854791114,0.9616536400184096,0.7786714764345152,77.87,HIGH
0.5163380690070124,0.6490569099164305,-0.3226491917299448,0.386348246715293,-0.7843322080630246,0.4998925078001155,0.077788075026577,0.8033182200673968,1,1.1653949789234428,0.214242967445232,0.0388856759019791,0.8267228388184517,82.67,CRITICAL
-1.4581860954557513,1.3337160975919902,-1.0672242495682789,0.7643797992742881,0.7334288376082041,-1.2923310447099523,-1.249456528542616,-1.7228397046728436,1,-0.1244699978637611,-1.0574679203880275,1.6147114608511492,0.9061894241719316,90.62,CRITICAL
-0.4709240132243694,-1.4049206531102485,1.414692609892835,0.0083166941562979,0.3831762886071513,-1.2923310447099523,-1.076337667207504,0.3253964505219459,1,-1.875844666334618,0.0062748728148644,1.3909845819229467,0.837107036376574,83.71,CRITICAL
1.503600151238394,-1.4049206531102485,1.6628842958389465,1.5204429043922782,0.0329237396060985,0.0863024572208691,-1.134043954319208,-1.5180160891533647,1,0.0986794981281455,-2.935126796693246,-0.0978707798542186,0.8469775231600915,84.7,CRITICAL
1.0099691101227033,-0.0356022777591291,0.173734180162278,-0.7477464109616921,-0.667581358396007,-0.6030142937445416,0.8856760945904336,1.5543381436388195,1,0.974366832363574,-0.2927358747798673,-0.5340753446658741,0.9254405177167162,92.54,CRITICAL
-0.4709240132243694,1.3337160975919902,0.4219258661083894,0.7643797992742881,-1.601588155732148,-0.6030142937445416,1.40503267859577,1.2812399896128477,0,0.8627920843676207,0.33507206727689,-0.8472547883714299,0.1037073279321642,10.37,LOW
-1.4581860954557513,0.6490569099164305,-0.3226491917299448,0.0083166941562979,1.1420568114427656,1.6027993093447728,-0.8455125187606878,1.6226126821453126,0,-0.8091291855393208,0.0031711484554764,-1.3551868811119896,0.1841060947194453,18.41,LOW
1.0099691101227033,-1.4049206531102485,0.918309238000612,0.7643797992742881,-0.959458482563551,1.3270726089586085,-1.7111068254362485,-1.4497415506468716,1,-0.3949515429875452,-1.699597909454589,-2.2707629990385643,0.82581240384706,82.58,CRITICAL
0.5163380690070124,0.6490569099164305,-0.0744575057838333,-1.1257779635206873,-1.48483730606513,0.6377558579931977,0.8279698074787296,0.2571219120154529,0,1.1653949789234428,-0.8955201184233665,0.5280425949610599,0.0864210761020666,8.64,LOW
-1.4581860954557513,-1.4049206531102485,-1.5636076214605017,-0.3697148584026971,-0.2005779597279366,-0.4651509435514595,1.40503267859577,-0.1525253190235049,1,-2.863106748566,-0.4362547539198416,-0.653552276169457,0.901769488724422,90.18,CRITICAL
-0.4709240132243694,-1.4049206531102485,1.6628842958389465,-1.1257779635206873,-0.2589533845614454,1.051345908572444,1.289620104372362,-1.5862906276598576,0,-1.875844666334618,1.9201704929416317,1.3558368203446514,0.0938558984460498,9.39,LOW
-0.9645550543400604,-1.4049206531102485,-0.5708408776760562,0.7643797992742881,0.0329237396060985,-1.2923310447099523,-0.5569810832021675,-1.0400943196079138,0,-2.369475707450309,-19.064540981097377,0.719803945138338,0.1081297865814185,10.81,LOW
0.0227070278913214,1.3337160975919902,-0.5708408776760562,-1.1257779635206873,-1.0762093322305686,-0.1894242431652952,-0.0376244991968311,1.2812399896128477,1,1.3564231254833117,-0.4934938755443018,0.0071269922848329,0.7650453165453269,76.5,HIGH
1.503600151238394,-0.7202614654346888,0.6701175520545007,-1.5038095160796825,-1.3097110315646037,-0.7408776439376238,-1.0186313800958,-1.5180160891533647,0,0.7833386858037052,2.9030170057796445,0.7546812169263064,0.1749823298005711,17.5,LOW
-0.4709240132243694,0.6490569099164305,1.6628842958389465,1.5204429043922782,0.0912991644396073,-1.5680577450961166,0.1932006492499851,-0.0159762420105189,0,0.178132896692061,1.5451282472069454,-0.3029497744140373,0.0776170105658464,7.76,LOW
1.0099691101227033,1.3337160975919902,-0.8190325636221675,-1.5038095160796825,0.8501796872752218,1.1892092587655263,-1.5379879641011365,0.0522982964959739,0,2.343685207714693,-1.4290715105091265,-1.828989526779013,0.0977383807247563,9.77,LOW
-1.4581860954557513,1.3337160975919902,-0.3226491917299448,1.1424113518332832,-1.1345847570640777,-0.051560892972213,-0.1530370734202392,1.3495145281193406,1,-0.1244699978637611,0.4862329379796267,0.0078907281634016,0.8570989899786605,85.71,CRITICAL
0.0227070278913214,1.3337160975919902,-0.0744575057838333,-1.1257779635206873,0.5583025631076777,1.051345908572444,0.4240257976968012,1.1446909125998617,0,1.3564231254833117,-0.5249138497798659,0.4457977875376989,0.1059056073952701,10.59,LOW
-1.4581860954557513,1.3337160975919902,0.4219258661083894,1.1424113518332832,-0.959458482563551,0.3620291576070334,1.5781515399308823,0.0522982964959739,1,-0.1244699978637611,1.0856345160277985,0.5713368725774198,0.9223133311692944,92.23,CRITICAL
1.0099691101227033,1.3337160975919902,-1.5636076214605017,-0.7477464109616921,0.0912991644396073,-1.5680577450961166,0.0200817879148729,1.0764163740933688,0,2.343685207714693,-0.3601139060022018,-0.0314894030752941,0.176631748490966,17.66,LOW
-1.4581860954557513,-0.0356022777591291,-0.3226491917299448,0.386348246715293,-1.3097110315646037,-0.3272875933583773,1.6358578270425863,1.6226126821453126,1,-1.4937883732148804,0.1473142600680394,-0.5353959712892328,0.832258123457316,83.23,CRITICAL
-0.9645550543400604,0.6490569099164305,-0.0744575057838333,-0.7477464109616921,1.5506847852773271,-0.4651509435514595,1.40503267859577,-1.3814670121403787,1,-0.3154981444236298,1.960186299638732,-0.653552276169457,0.8919271764323767,89.19,CRITICAL
0.0227070278913214,1.3337160975919902,-1.0672242495682789,0.7643797992742881,1.1420568114427656,0.2241658074139512,-0.2107433605319432,-0.7669961655819418,0,1.3564231254833117,3.2805460098258687,-0.0472414555707724,0.1169489614373804,11.69,LOW
0.0227070278913214,0.6490569099164305,0.173734180162278,1.5204429043922782,0.7334288376082041,0.4998925078001155,-1.4802816769894322,0.2571219120154529,0,0.671763937807752,1.2094633701473407,-0.739981719760808,0.1002146457561557,10.02,LOW
1.0099691101227033,-0.0356022777591291,-0.5708408776760562,-1.1257779635206873,0.7334288376082041,-0.7408776439376238,-0.3261559347553513,1.0764163740933688,0,0.974366832363574,-0.5421735146989672,0.241641640497818,0.0657993106658295,6.58,LOW
1.503600151238394,-0.0356022777591291,0.4219258661083894,0.0083166941562979,1.5506847852773271,0.6377558579931977,-1.5956942512128405,0.7350436815609038,1,1.467997873479265,0.004793362982548,-1.0176633562770585,0.8758489155338152,87.58,CRITICAL
-0.9645550543400604,0.6490569099164305,-0.5708408776760562,0.386348246715293,0.3831762886071513,1.3270726089586085,0.135494362138281,0.7350436815609038,0,-0.3154981444236298,0.2226734985529131,0.1798108566620311,0.1882242679951757,18.82,LOW
-0.4709240132243694,-1.4049206531102485,0.4219258661083894,-0.3697148584026971,-0.5508305087289894,-0.6030142937445416,-1.5379879641011365,1.0764163740933688,0,-1.875844666334618,-0.1780542973054364,0.927428725960052,0.0973008220975514,9.73,LOW
-1.4581860954557513,-0.7202614654346888,0.6701175520545007,-0.3697148584026971,-1.48483730606513,1.6027993093447728,-0.3261559347553513,0.7350436815609038,0,-2.17844756089044,-0.213086772587817,-0.5227625069645758,0.0791855599055673,7.92,LOW
0.5163380690070124,-1.4049206531102485,-0.8190325636221675,-0.3697148584026971,1.4339339356103096,-0.7408776439376238,-0.6146873703138716,0.5984946045479178,0,-0.8885825841032361,-0.2312894002587258,0.4554081306763548,0.1265970738075614,12.66,LOW
-1.4581860954557513,-1.4049206531102485,0.4219258661083894,-1.1257779635206873,-1.3097110315646037,0.0863024572208691,0.1932006492499851,-0.2207998575299979,0,-2.863106748566,-1.4447866500024773,0.0166736907669409,0.0617438656174836,6.17,LOW
-1.4581860954557513,-1.4049206531102485,-0.5708408776760562,-0.3697148584026971,1.4339339356103096,1.6027993093447728,-0.2684496476436473,-1.3814670121403787,1,-2.863106748566,0.9691922148870978,-0.4302709098370855,0.9113990440334924,91.14,CRITICAL
-0.4709240132243694,1.3337160975919902,0.6701175520545007,-1.5038095160796825,-1.6599635805656563,0.6377558579931977,-1.4802816769894322,-1.5180160891533647,1,0.8627920843676207,2.9030170057796445,-0.9440583109800048,0.7851319133101243,78.51,HIGH
-1.4581860954557513,-0.0356022777591291,0.4219258661083894,0.386348246715293,0.8501796872752218,1.1892092587655263,0.2509069363616891,-0.5621725500624628,0,-1.4937883732148804,0.8824212524144194,0.2983808518098134,0.1219810402795021,12.2,LOW
-0.9645550543400604,-1.4049206531102485,-1.0672242495682789,-1.5038095160796825,1.5506847852773271,0.913482558379362,-0.1530370734202392,-1.1766433966208998,0,-2.369475707450309,8.513250678184464,-0.1397966973548103,0.0883832388744205,8.84,LOW
-0.9645550543400604,-0.0356022777591291,-0.8190325636221675,0.386348246715293,0.9085551121087304,0.913482558379362,-0.0953307863085351,1.5543381436388195,0,-1.0001573320991894,0.1512518018326716,-0.0870830105694369,0.1076807322531435,10.77,LOW
0.0227070278913214,0.6490569099164305,0.4219258661083894,-1.5038095160796825,0.7334288376082041,1.051345908572444,-1.249456528542616,0.1888473735089599,1,0.671763937807752,-1.2649306795716688,-1.3136110092224087,0.7141435811505952,71.41,HIGH
1.0099691101227033,-0.7202614654346888,0.6701175520545007,0.386348246715293,1.025305961775748,-0.1894242431652952,1.231913817260658,-0.9035452425949276,1,0.2897076446880144,4.0054866873261785,-0.2333543424794698,0.3412023468124658,34.12,MODERATE
1.503600151238394,0.6490569099164305,0.918309238000612,1.1424113518332832,1.7258110597778535,0.7756192081862798,0.4240257976968012,1.4177890666258337,1,2.152657061154825,0.472502488989904,0.3288825534601486,0.8017108537287629,80.17,CRITICAL
0.5163380690070124,0.6490569099164305,-0.3226491917299448,-1.1257779635206873,-0.959458482563551,0.0863024572208691,1.1165012430372498,-0.6304470885689558,1,1.1653949789234428,-3.046324162787036,0.0963568007642694,0.9180944779008612,91.81,CRITICAL
-1.4581860954557513,1.3337160975919902,-1.3154159355143902,-1.1257779635206873,1.4923093604438185,0.4998925078001155,-1.4225753898777282,1.2812399896128477,0,-0.1244699978637611,-0.4934938755443018,-0.7111347791807047,0.1408660324342461,14.09,LOW
-1.4581860954557513,-0.7202614654346888,-0.0744575057838333,-0.3697148584026971,-0.4340796590619718,1.4649359591516906,-0.6723936574255757,0.3936709890284389,1,-2.17844756089044,-0.2652813047794258,-0.9850136474682488,0.8170159197817034,81.7,CRITICAL
-0.4709240132243694,0.6490569099164305,-1.3154159355143902,-0.7477464109616921,1.4339339356103096,1.051345908572444,1.6935641141542903,1.4860636051323266,1,0.178132896692061,-0.3007752534641573,1.7805217023212287,0.9412253765022456,94.12,CRITICAL
1.0099691101227033,0.6490569099164305,0.918309238000612,-0.3697148584026971,-0.4924550838954806,-1.4301943949030345,0.7702635203670256,-0.2890743960364909,0,1.6590260200391338,-0.5200471840393501,-1.1016265694271994,0.3599180206772908,35.99,MODERATE
-0.9645550543400604,-0.7202614654346888,-1.3154159355143902,0.7643797992742881,-0.4340796590619718,1.3270726089586085,1.520445252819178,-1.5180160891533647,1,-1.684816519774749,-1.475590846075023,2.0177412484374777,0.8901587181755691,89.02,CRITICAL
0.5163380690070124,-0.7202614654346888,0.918309238000612,-1.5038095160796825,-0.083827110060919,-0.8787409941307059,-1.134043954319208,-1.4497415506468716,0,-0.2039233964276764,3.343719329283063,0.9965309118063778,0.0677668790596836,6.78,LOW
0.0227070278913214,0.6490569099164305,-1.5636076214605017,0.386348246715293,-1.192960181897586,0.4998925078001155,-1.6534005383245445,0.7350436815609038,1,0.671763937807752,0.2226734985529131,-0.8265225415011176,0.916596972650442,91.66,CRITICAL
-0.9645550543400604,-0.7202614654346888,0.918309238000612,-0.7477464109616921,-0.2005779597279366,-0.1894242431652952,0.9433823817021376,1.0081418355868756,0,-1.684816519774749,-0.3723573692408857,-0.178699493669401,0.0741089208694798,7.41,LOW
1.0099691101227033,0.6490569099164305,0.918309238000612,0.7643797992742881,-1.192960181897586,-0.6030142937445416,0.7702635203670256,1.5543381436388195,0,1.6590260200391338,0.2992476940368512,-0.4644799127313063,0.1494450985974908,14.94,LOW
1.503600151238394,0.6490569099164305,1.1665009239467234,-1.1257779635206873,-0.8427076328965334,0.2241658074139512,0.7702635203670256,-0.9035452425949276,1,2.152657061154825,-11.671564926474908,0.1726667439645867,0.9355973703387914,93.56,CRITICAL
0.0227070278913214,1.3337160975919902,0.918309238000612,-1.1257779635206873,-1.1345847570640777,0.6377558579931977,-1.249456528542616,0.5302200660414249,0,1.3564231254833117,-0.7356967723165454,-0.7968482203858983,0.2449660820938705,24.5,LOW
1.503600151238394,-1.4049206531102485,-1.0672242495682789,-0.3697148584026971,-0.3173288093949542,1.051345908572444,-0.5569810832021675,1.2812399896128477,0,0.0986794981281455,-0.1620674984158251,-0.585579782976847,0.0658954335466608,6.59,LOW
-0.4709240132243694,0.6490569099164305,-0.3226491917299448,-1.5038095160796825,1.6674356349443449,-0.051560892972213,-0.3838622218670554,-0.2890743960364909,0,0.178132896692061,-2.1152839448962526,0.0197922789377631,0.1483502194334469,14.84,LOW
-0.4709240132243694,-0.0356022777591291,0.173734180162278,-0.7477464109616921,1.609060210110836,1.051345908572444,0.1932006492499851,-0.2207998575299979,1,-0.5065262909834986,-0.9596333088330758,0.2031207121225116,0.1738328826395065,17.38,LOW
-1.4581860954557513,-1.4049206531102485,0.4219258661083894,1.5204429043922782,0.7334288376082041,-0.7408776439376238,-0.4992747960904635,-1.5862906276598576,0,-2.863106748566,-2.59332630040673,0.3699015346049401,0.0661688244634584,6.62,LOW
1.503600151238394,-1.4049206531102485,-0.0744575057838333,0.7643797992742881,-1.251335606731095,0.0863024572208691,-1.5956942512128405,1.0764163740933688,0,0.0986794981281455,0.3681245287848596,-0.1377123348528829,0.0532508268519903,5.33,LOW
1.0099691101227033,-1.4049206531102485,-0.8190325636221675,0.7643797992742881,-0.3173288093949542,-0.7408776439376238,-1.076337667207504,0.5302200660414249,1,-0.3949515429875452,0.4995227916803408,0.7974345149620138,0.8052282466466959,80.52,CRITICAL
0.5163380690070124,1.3337160975919902,-0.3226491917299448,-0.3697148584026971,-0.7843322080630246,0.0863024572208691,-0.1530370734202392,0.3936709890284389,1,1.850054166599003,-0.2652813047794258,-0.0132074754820571,0.8372577680831655,83.73,CRITICAL
0.0227070278913214,0.6490569099164305,-0.5708408776760562,-1.1257779635206873,1.1420568114427656,-0.8787409941307059,-0.0376244991968311,1.2812399896128477,0,0.671763937807752,-0.4934938755443018,0.0330621898278933,0.0778758904809916,7.79,LOW
-0.9645550543400604,1.3337160975919902,0.173734180162278,-0.3697148584026971,-0.2005779597279366,1.3270726089586085,-0.2684496476436473,1.5543381436388195,1,0.3691610432519299,-0.1447399825756876,-0.3562521742724742,0.8550468606761191,85.5,CRITICAL
1.0099691101227033,0.6490569099164305,-1.5636076214605017,0.386348246715293,-0.1422025348944278,-0.1894242431652952,1.0010886688138418,-0.3573489345429839,1,1.6590260200391338,0.6011788783708693,-0.1896304634314148,0.8669792657868041,86.7,CRITICAL
1.0099691101227033,1.3337160975919902,-1.5636076214605017,-0.7477464109616921,0.4415517134406601,-0.3272875933583773,-0.5569810832021675,1.3495145281193406,1,2.343685207714693,-0.3182557085783261,0.1822929982673795,0.875315763878824,87.53,CRITICAL
-0.4709240132243694,1.3337160975919902,1.414692609892835,-1.5038095160796825,-1.48483730606513,1.1892092587655263,-0.1530370734202392,1.2129654511063548,0,0.8627920843676207,-0.6795449587013953,-0.1819931046457281,0.0618597244816088,6.19,LOW
1.503600151238394,-0.0356022777591291,0.918309238000612,1.1424113518332832,1.2004322362762745,1.1892092587655263,1.462738965707474,-0.3573489345429839,0,1.467997873479265,1.7776541785095563,1.7395027211764378,0.0538608758316515,5.39,LOW
-1.4581860954557513,1.3337160975919902,-0.3226491917299448,0.0083166941562979,-0.3173288093949542,-0.3272875933583773,-0.2684496476436473,1.2129654511063548,0,-0.1244699978637611,0.003758167192416,0.0878602391151937,0.1914163290123851,19.14,LOW
-1.4581860954557513,-0.7202614654346888,0.6701175520545007,0.0083166941562979,-0.6092059335624982,1.6027993093447728,0.135494362138281,-1.0400943196079138,0,-2.17844756089044,-0.2074282401504188,0.2171702700553473,0.1240260739144575,12.4,LOW
0.0227070278913214,-0.0356022777591291,1.1665009239467234,-0.3697148584026971,0.3831762886071513,1.1892092587655263,-0.5569810832021675,0.8715927585738897,0,-0.0128952498678076,-0.1975402270119976,-0.6623670611012696,0.0818659083669566,8.19,LOW
-0.4709240132243694,1.3337160975919902,-1.3154159355143902,0.386348246715293,1.7841864846113624,-0.051560892972213,0.2509069363616891,-1.5180160891533647,0,0.8627920843676207,-0.7458228707659119,-0.0129369856917309,0.157048219426911,15.7,LOW
1.0099691101227033,-1.4049206531102485,-0.5708408776760562,-0.7477464109616921,0.5583025631076777,0.6377558579931977,1.231913817260658,-1.7228397046728436,1,-0.3949515429875452,1.0344567490244898,0.7856602535007462,0.8641052215260858,86.41,CRITICAL
0.5163380690070124,-0.7202614654346888,-1.5636076214605017,1.5204429043922782,-1.1345847570640777,-1.5680577450961166,0.1932006492499851,0.1205728350024669,0,-0.2039233964276764,1.3568443361282545,-0.3029497744140373,0.0520690111680401,5.21,LOW
-0.4709240132243694,-0.7202614654346888,-0.0744575057838333,0.0083166941562979,-0.2589533845614454,1.051345908572444,0.5971446590319134,-0.1525253190235049,0,-1.1911854786590583,0.0098135016219188,0.6278055940990893,0.1835829592405702,18.36,LOW
0.0227070278913214,-0.7202614654346888,-1.5636076214605017,-0.7477464109616921,-0.667581358396007,0.2241658074139512,1.1742075301489538,0.5984946045479178,1,-0.6975544375433673,-0.4677816295621266,0.2632171790673817,0.8494153895450507,84.94,CRITICAL
0.0227070278913214,-0.0356022777591291,-0.8190325636221675,-1.5038095160796825,-0.6092059335624982,0.913482558379362,0.9433823817021376,-0.9035452425949276,0,-0.0128952498678076,-15.590827829925178,0.8617633515672846,0.1249642525558803,12.5,LOW
-0.4709240132243694,1.3337160975919902,0.4219258661083894,0.386348246715293,0.3831762886071513,0.6377558579931977,-0.7300999445372797,1.4177890666258337,0,0.8627920843676207,0.1597940250654142,-0.4656255165491588,0.0984784277115721,9.85,LOW
0.0227070278913214,1.3337160975919902,-1.5636076214605017,-1.1257779635206873,-1.1345847570640777,0.2241658074139512,1.5781515399308823,0.5302200660414249,1,1.3564231254833117,-0.7356967723165454,0.3537676141701767,0.9398674860624504,93.99,CRITICAL
-0.4709240132243694,-1.4049206531102485,-0.8190325636221675,-0.7477464109616921,0.2080500141066249,0.7756192081862798,-1.134043954319208,-1.0400943196079138,0,-1.875844666334618,18.64968450079654,-0.8795862738975018,0.1371454606631026,13.71,LOW
-0.9645550543400604,-1.4049206531102485,-0.3226491917299448,-1.5038095160796825,1.4923093604438185,1.3270726089586085,1.520445252819178,0.6667691430544108,1,-2.369475707450309,-0.9022302352705548,2.0177412484374777,0.8775218973797365,87.75,CRITICAL
-0.4709240132243694,-0.7202614654346888,-0.3226491917299448,1.5204429043922782,1.2004322362762745,1.4649359591516906,-0.4415685089787594,-0.6304470885689558,1,-1.1911854786590583,4.114276622810429,-0.6468695872319808,0.761448225643159,76.14,HIGH
1.503600151238394,-1.4049206531102485,1.1665009239467234,1.1424113518332832,-1.4264618812316214,-0.1894242431652952,1.0010886688138418,0.5984946045479178,0,0.0986794981281455,0.7146795169548771,-0.1896304634314148,0.0194337189768582,1.94,LOW
-0.4709240132243694,-0.0356022777591291,1.414692609892835,-1.1257779635206873,1.025305961775748,-0.051560892972213,-0.4992747960904635,-0.5621725500624628,1,-0.5065262909834986,-2.5712822795402546,0.0257430543249438,0.1404423835433904,14.04,LOW
0.0227070278913214,1.3337160975919902,0.173734180162278,1.1424113518332832,1.1420568114427656,1.1892092587655263,-0.7878062316489837,0.9398672970803827,0,1.3564231254833117,0.588912114531072,-0.9368664647901505,0.0852862300993873,8.53,LOW
1.503600151238394,-0.7202614654346888,-1.5636076214605017,1.5204429043922782,0.3248008637736425,-0.3272875933583773,-1.4802816769894322,-0.2890743960364909,0,0.7833386858037052,2.138680750722154,0.4844778275543742,0.0750456679022882,7.5,LOW
0.0227070278913214,-1.4049206531102485,-0.0744575057838333,-1.5038095160796825,0.8501796872752218,-1.15446769451687,0.7702635203670256,-0.1525253190235049,0,-1.382213625218927,-1.7744595205451228,-0.8892443505285683,0.0918518403057518,9.19,LOW
-1.4581860954557513,-0.0356022777591291,-1.5636076214605017,0.0083166941562979,0.2664254389401337,-1.7059210952891988,-1.134043954319208,-0.4938980115559698,0,-1.4937883732148804,0.0164328422851429,1.9345895046583172,0.2272428975483655,22.72,LOW
-1.4581860954557513,-0.0356022777591291,1.414692609892835,1.1424113518332832,0.2080500141066249,1.4649359591516906,-0.0376244991968311,0.7350436815609038,1,-1.4937883732148804,0.6584337696936433,-0.0551174818185117,0.8617804334175215,86.18,CRITICAL
1.503600151238394,-1.4049206531102485,1.6628842958389465,-1.1257779635206873,1.4923093604438185,-1.4301943949030345,-0.9032188058723918,0.8715927585738897,0,0.0986794981281455,-0.601507971412811,1.2917784735297069,0.0612145253540702,6.12,LOW
-0.9645550543400604,1.3337160975919902,-0.0744575057838333,-0.3697148584026971,-0.4924550838954806,1.1892092587655263,-0.2107433605319432,-0.3573489345429839,0,0.3691610432519299,-0.5752964217678179,-0.2506179555679483,0.1746117492645794,17.46,LOW
-1.4581860954557513,-1.4049206531102485,-1.0672242495682789,0.7643797992742881,-0.7259567832295158,0.7756192081862798,0.2509069363616891,-1.244917935127393,0,-2.863106748566,-3.1209629416347164,0.1946082393092986,0.2262494822882647,22.62,LOW
-0.4709240132243694,-0.7202614654346888,0.918309238000612,-0.7477464109616921,-0.4340796590619718,1.3270726089586085,0.135494362138281,0.1205728350024669,0,-1.1911854786590583,-0.667289432337565,0.1798108566620311,0.1575880610291798,15.76,LOW
0.0227070278913214,-1.4049206531102485,0.173734180162278,0.0083166941562979,1.083681386609257,-0.8787409941307059,-0.6146873703138716,-1.4497415506468716,0,-1.382213625218927,-0.0184921632087049,0.5401509908692008,0.1538291897042793,15.38,LOW
-1.4581860954557513,-0.0356022777591291,-1.0672242495682789,1.1424113518332832,0.4415517134406601,-0.1894242431652952,-0.8455125187606878,-0.6304470885689558,0,-1.4937883732148804,3.091333653439363,0.1601605689530257,0.1045920441501703,10.46,LOW
-1.4581860954557513,-1.4049206531102485,1.6628842958389465,-0.7477464109616921,-0.8427076328965334,0.2241658074139512,0.1932006492499851,0.7350436815609038,1,-2.863106748566,-0.430966908158182,0.0433089795320225,0.3128997345210137,31.29,MODERATE
-0.9645550543400604,1.3337160975919902,1.6628842958389465,-0.3697148584026971,0.3248008637736425,1.6027993093447728,-1.6534005383245445,0.6667691430544108,0,0.3691610432519299,-0.2218152765446461,-2.650069240896856,0.7477475520065806,74.77,HIGH
1.503600151238394,0.6490569099164305,1.414692609892835,1.5204429043922782,-0.083827110060919,-1.15446769451687,0.2509069363616891,-0.4938980115559698,0,2.152657061154825,3.004222348674736,-0.2896639523597703,0.0913126924911601,9.13,LOW
1.503600151238394,-1.4049206531102485,-1.5636076214605017,0.7643797992742881,-1.3097110315646037,0.2241658074139512,0.5394383719202094,0.0522982964959739,0,0.0986794981281455,0.7263907979510946,0.120923638191561,0.0722250299194221,7.22,LOW
1.0099691101227033,1.3337160975919902,1.414692609892835,-1.5038095160796825,0.1496745892731161,-0.7408776439376238,1.462738965707474,0.5302200660414249,0,2.343685207714693,-0.9827406851159226,-1.08371059860911,0.1626983313779128,16.27,LOW
-0.9645550543400604,1.3337160975919902,1.414692609892835,-0.3697148584026971,-1.0762093322305686,-0.4651509435514595,-0.1530370734202392,-1.0400943196079138,1,0.3691610432519299,9.22112813032306,0.0711853390997782,0.5195769457299225,51.96,MODERATE
-0.4709240132243694,-0.0356022777591291,1.6628842958389465,-0.3697148584026971,-1.1345847570640777,0.3620291576070334,0.9433823817021376,1.2812399896128477,0,-0.5065262909834986,-0.1620674984158251,0.3415319289489418,0.1243490870419137,12.43,LOW
1.503600151238394,1.3337160975919902,0.173734180162278,1.5204429043922782,-1.192960181897586,-0.7408776439376238,0.4817320848085053,1.4177890666258337,0,2.837316248830384,0.6288567209521488,-0.356904532002085,0.4805776747924378,48.06,MODERATE
0.0227070278913214,1.3337160975919902,-1.0672242495682789,0.386348246715293,-0.9010830577300422,-1.7059210952891988,-1.4225753898777282,-0.9718197811014208,0,1.3564231254833117,13.70990935541567,2.4268013672316733,0.9316620303135577,93.17,CRITICAL
-0.9645550543400604,1.3337160975919902,-1.3154159355143902,1.5204429043922782,-0.959458482563551,-0.1894242431652952,-1.249456528542616,-0.3573489345429839,1,0.3691610432519299,2.3658918285789,0.236677357287122,0.9215441815104424,92.15,CRITICAL
-1.4581860954557513,1.3337160975919902,-1.5636076214605017,0.386348246715293,1.609060210110836,-1.15446769451687,-0.6146873703138716,-1.0400943196079138,1,-0.1244699978637611,-9.6359846106239,0.7096367112548929,0.879631369237156,87.96,CRITICAL
0.0227070278913214,-0.7202614654346888,1.6628842958389465,0.386348246715293,-0.2589533845614454,-1.4301943949030345,1.6935641141542903,0.8715927585738897,0,-0.6975544375433673,0.2064275173888156,-2.4221259034723888,0.1031073606357672,10.31,LOW
0.0227070278913214,-0.7202614654346888,-1.0672242495682789,0.0083166941562979,-1.601588155732148,-1.7059210952891988,-1.7111068254362485,0.1205728350024669,1,-0.6975544375433673,0.007421823817708,2.919013229805029,0.8773276698172404,87.73,CRITICAL
-1.4581860954557513,-0.0356022777591291,-1.3154159355143902,0.0083166941562979,0.3248008637736425,-1.2923310447099523,-1.3071628156543202,-1.4497415506468716,1,-1.4937883732148804,-0.0184921632087049,1.6892870871605503,0.8680170079526958,86.8,CRITICAL
-0.9645550543400604,-1.4049206531102485,-1.3154159355143902,-1.1257779635206873,-1.3097110315646037,-0.7408776439376238,1.40503267859577,-0.6304470885689558,1,-2.369475707450309,-3.046324162787036,-1.0409573005734027,0.8420230229594916,84.2,CRITICAL
-1.4581860954557513,1.3337160975919902,-0.3226491917299448,1.1424113518332832,-0.4924550838954806,-1.4301943949030345,-0.4415685089787594,-0.4256234730494769,1,-0.1244699978637611,1.988958981138327,0.631528806507112,0.8811916751395759,88.12,CRITICAL
1.0099691101227033,-1.4049206531102485,1.1665009239467234,1.1424113518332832,-0.667581358396007,-0.4651509435514595,-1.5956942512128405,1.0081418355868756,0,-0.3949515429875452,0.5688897724195939,0.7422386865712923,0.0648480877607977,6.48,LOW
0.0227070278913214,-1.4049206531102485,-1.5636076214605017,-1.5038095160796825,-1.543212730898639,-1.5680577450961166,-1.5379879641011365,1.3495145281193406,0,-1.382213625218927,-0.6400511672015072,2.411653938973395,0.7790836623312476,77.91,HIGH
0.5163380690070124,-0.0356022777591291,-1.3154159355143902,1.1424113518332832,0.7334288376082041,-0.3272875933583773,1.5781515399308823,-0.9718197811014208,0,0.4807357912478832,40.539477565622455,-0.5165094194587957,0.4166768365789595,41.67,MODERATE
0.5163380690070124,1.3337160975919902,1.6628842958389465,0.0083166941562979,1.4339339356103096,1.6027993093447728,-0.3261559347553513,-1.3814670121403787,0,1.850054166599003,-0.0218018698645361,-0.5227625069645758,0.0730723497503719,7.31,LOW
-0.4709240132243694,1.3337160975919902,-0.3226491917299448,-1.1257779635206873,0.5583025631076777,-0.4651509435514595,0.9433823817021376,-0.6304470885689558,1,0.8627920843676207,-3.046324162787036,-0.4388152049785724,0.4337602461977278,43.38,MODERATE
1.503600151238394,0.6490569099164305,-1.0672242495682789,-1.1257779635206873,0.6750534127746953,1.051345908572444,0.4240257976968012,-0.4938980115559698,0,2.152657061154825,-2.224409287507052,0.4457977875376989,0.1324354526354792,13.24,LOW
-1.4581860954557513,-1.4049206531102485,-0.8190325636221675,0.386348246715293,1.1420568114427656,0.0863024572208691,-0.9032188058723918,-0.0159762420105189,0,-2.863106748566,0.3926208524727743,-0.0779500023548865,0.1090884021160967,10.91,LOW
-1.4581860954557513,-1.4049206531102485,-1.5636076214605017,1.5204429043922782,-1.0762093322305686,-0.8787409941307059,-0.5569810832021675,1.4860636051323266,1,-2.863106748566,0.6115864860631146,0.4894421107650701,0.8845822695072717,88.46,CRITICAL
-0.4709240132243694,-0.7202614654346888,0.173734180162278,-1.5038095160796825,0.5583025631076777,-1.5680577450961166,0.2509069363616891,1.2129654511063548,0,-1.1911854786590583,-0.6795449587013953,-0.3934365648602851,0.0433226575600497,4.33,LOW
-0.4709240132243694,0.6490569099164305,1.414692609892835,0.386348246715293,-0.3173288093949542,-0.6030142937445416,1.520445252819178,1.2129654511063548,0,0.178132896692061,0.1745839486658688,-0.9168502203059976,0.3479297657729263,34.79,MODERATE
-0.4709240132243694,-0.7202614654346888,-0.0744575057838333,1.5204429043922782,1.7841864846113624,0.3620291576070334,1.289620104372362,0.3936709890284389,0,-1.1911854786590583,1.0909625846859416,0.4668800800190207,0.0683224438311714,6.83,LOW
0.0227070278913214,-0.7202614654346888,-0.0744575057838333,1.1424113518332832,0.9669305369422392,-0.051560892972213,1.289620104372362,-1.3814670121403787,0,-0.6975544375433673,-2.9947841241194384,-0.0664939641763575,0.0918527709135815,9.19,LOW
1.0099691101227033,-0.7202614654346888,-1.0672242495682789,0.386348246715293,-0.6092059335624982,-0.6030142937445416,0.8856760945904336,0.6667691430544108,1,0.2897076446880144,0.2317946959392929,-0.5340753446658741,0.8423218132892631,84.23,CRITICAL
-1.4581860954557513,-0.0356022777591291,0.6701175520545007,-0.7477464109616921,-1.48483730606513,0.913482558379362,1.231913817260658,0.8033182200673968,0,-1.4937883732148804,-0.4146502833724744,1.1253317854941516,0.0578585989785111,5.79,LOW
0.0227070278913214,-0.0356022777591291,0.6701175520545007,1.1424113518332832,-0.2005779597279366,-1.2923310447099523,-0.960925092984096,-1.0400943196079138,0,-0.0128952498678076,-28.49309735157086,1.2418333293041448,0.0673482786472744,6.73,LOW
-0.4709240132243694,-0.7202614654346888,-1.0672242495682789,1.5204429043922782,0.4999271382741689,1.1892092587655263,0.3086132234733932,0.4619455275349319,0,-1.1911854786590583,1.0400133765284554,0.3670057027320336,0.105146338081532,10.51,LOW
-1.4581860954557513,0.6490569099164305,1.6628842958389465,-1.5038095160796825,0.7334288376082041,-0.4651509435514595,-1.076337667207504,-0.1525253190235049,0,-0.8091291855393208,-1.7744595205451228,0.5006594814815473,0.0874212834804811,8.74,LOW
0.0227070278913214,-1.4049206531102485,-1.3154159355143902,1.5204429043922782,0.1496745892731161,1.1892092587655263,-0.7878062316489837,-0.2207998575299979,1,-1.382213625218927,1.9512867381833323,-0.9368664647901505,0.754756924581825,75.48,HIGH
1.0099691101227033,0.6490569099164305,1.1665009239467234,0.386348246715293,0.5583025631076777,-0.1894242431652952,0.4817320848085053,-0.7669961655819418,0,1.6590260200391338,1.6581196943828085,-0.0912517355732909,0.0691339263969694,6.91,LOW
0.0227070278913214,1.3337160975919902,-1.5636076214605017,0.386348246715293,0.9085551121087304,0.4998925078001155,-1.249456528542616,0.0522982964959739,0,1.3564231254833117,0.3671470798743911,-0.624593957440395,0.2011290422463156,20.11,LOW
1.0099691101227033,-0.0356022777591291,-0.0744575057838333,-0.3697148584026971,0.9669305369422392,0.0863024572208691,0.2509069363616891,-1.0400943196079138,1,0.974366832363574,9.22112813032306,0.021653885141774,0.4343951218049064,43.44,MODERATE
-0.4709240132243694,-1.4049206531102485,-0.0744575057838333,-1.5038095160796825,0.3831762886071513,0.0863024572208691,1.6935641141542903,1.6226126821453126,1,-1.875844666334618,-0.5734012979947756,0.1461587445125997,0.8285429844081766,82.85,CRITICAL
1.0099691101227033,-1.4049206531102485,1.1665009239467234,1.1424113518332832,0.6166779879411866,1.6027993093447728,-1.0186313800958,-0.6304470885689558,0,-0.3949515429875452,3.091333653439363,-1.632661672494461,0.0820128368676585,8.2,LOW
-1.4581860954557513,1.3337160975919902,-1.3154159355143902,-1.1257779635206873,0.4415517134406601,-1.5680577450961166,-0.9032188058723918,-0.8352707040884347,0,-0.1244699978637611,-6.83410899859039,1.4162992440646698,0.0989377337046883,9.89,LOW
-0.4709240132243694,1.3337160975919902,-0.0744575057838333,-1.5038095160796825,0.2080500141066249,1.051345908572444,-0.7300999445372797,0.0522982964959739,1,0.8627920843676207,-1.4290715105091265,-0.7675875895382374,0.1397104025128203,13.97,LOW
-1.4581860954557513,-0.7202614654346888,1.414692609892835,-1.1257779635206873,0.3831762886071513,1.6027993093447728,1.1742075301489538,-0.5621725500624628,1,-2.17844756089044,-2.5712822795402546,1.8820190183501744,0.8425609470444455,84.26,CRITICAL
0.5163380690070124,-0.0356022777591291,0.173734180162278,-1.5038095160796825,-1.543212730898639,0.913482558379362,0.135494362138281,0.1205728350024669,0,0.4807357912478832,-1.3420006884928382,0.1237717365720567,0.0417305966483324,4.17,LOW
-0.9645550543400604,-0.0356022777591291,-1.5636076214605017,-1.5038095160796825,-1.192960181897586,-0.3272875933583773,-1.4225753898777282,1.4177890666258337,1,-1.0001573320991894,-0.62197713474581,0.465591275723937,0.921001525704633,92.1,CRITICAL
1.0099691101227033,0.6490569099164305,0.4219258661083894,1.5204429043922782,-1.251335606731095,0.3620291576070334,1.6358578270425863,1.4177890666258337,0,1.6590260200391338,0.6288567209521488,0.5922282310890997,0.0880073257359792,8.8,LOW
-0.9645550543400604,-0.7202614654346888,-0.0744575057838333,-1.5038095160796825,0.2080500141066249,0.7756192081862798,-0.2107433605319432,-1.5180160891533647,0,-1.684816519774749,2.9030170057796445,-0.1634565984263015,0.073985883575927,7.4,LOW
-0.9645550543400604,-0.7202614654346888,-1.0672242495682789,-0.3697148584026971,1.7258110597778535,1.3270726089586085,-0.4415685089787594,-1.3131924736338856,0,-1.684816519774749,1.180471721152804,-0.585993473244405,0.7943068369458105,79.43,HIGH
1.0099691101227033,-0.7202614654346888,0.173734180162278,0.386348246715293,-1.3680864563981123,-1.016604344323788,1.6358578270425863,1.2812399896128477,0,0.2897076446880144,0.1693588787126516,-1.663020173667565,0.0395112163368463,3.95,LOW
-0.4709240132243694,-0.7202614654346888,-0.0744575057838333,0.7643797992742881,0.6750534127746953,1.4649359591516906,-0.2107433605319432,0.5984946045479178,1,-1.1911854786590583,0.4781872876514763,-0.3087255269957128,0.7959616666067254,79.6,HIGH
0.5163380690070124,-0.0356022777591291,0.918309238000612,-1.1257779635206873,0.5583025631076777,0.7756192081862798,0.1932006492499851,1.4860636051323266,0,0.4807357912478832,-0.4528355433853693,0.1498501345923486,0.1717369408561236,17.17,LOW
-1.4581860954557513,-0.0356022777591291,1.414692609892835,0.386348246715293,-1.48483730606513,-1.15446769451687,1.462738965707474,-1.1766433966208998,0,-1.4937883732148804,-2.187164955531555,-1.6886848814202988,0.065020668585619,6.5,LOW
0.0227070278913214,-0.7202614654346888,0.173734180162278,0.7643797992742881,-0.959458482563551,-1.2923310447099523,0.8856760945904336,-1.244917935127393,1,-0.6975544375433673,-3.1209629416347164,-1.1445867125966855,0.8583093048294121,85.83,CRITICAL
-1.4581860954557513,0.6490569099164305,-0.3226491917299448,-1.1257779635206873,1.1420568114427656,0.2241658074139512,0.4240257976968012,1.2812399896128477,0,-0.8091291855393208,-0.4934938755443018,0.0950520853050482,0.1291064617281466,12.91,LOW
0.0227070278913214,-1.4049206531102485,0.4219258661083894,-1.1257779635206873,1.7841864846113624,-1.2923310447099523,-0.960925092984096,-0.6304470885689558,0,-1.382213625218927,-3.046324162787036,1.2418333293041448,0.0609812647983262,6.1,LOW
-1.4581860954557513,-1.4049206531102485,-0.5708408776760562,0.7643797992742881,-1.601588155732148,0.913482558379362,0.3086132234733932,-0.6304470885689558,0,-2.863106748566,2.0683906840682966,0.281912796928177,0.0651263792192881,6.51,LOW
1.0099691101227033,0.6490569099164305,-1.0672242495682789,-1.5038095160796825,1.7841864846113624,-0.4651509435514595,1.289620104372362,1.5543381436388195,0,1.6590260200391338,-0.5887276591882266,-0.5998680083717358,0.7818881769801564,78.19,HIGH
0.5163380690070124,-0.7202614654346888,-1.0672242495682789,1.1424113518332832,-1.4264618812316214,1.4649359591516906,-1.3071628156543202,0.4619455275349319,0,-0.2039233964276764,0.7814322287093466,-1.9149098131179865,0.0413966704340068,4.14,LOW
0.0227070278913214,-0.0356022777591291,-1.5636076214605017,-0.7477464109616921,0.8501796872752218,1.1892092587655263,0.2509069363616891,0.3936709890284389,1,-0.0128952498678076,-0.5365300826724992,0.2983808518098134,0.8648575186634311,86.49,CRITICAL
1.503600151238394,-1.4049206531102485,1.1665009239467234,0.386348246715293,-0.1422025348944278,-1.4301943949030345,-0.6723936574255757,-1.244917935127393,0,0.0986794981281455,-1.5774600031407915,0.9616536400184096,0.4509246646225642,45.09,MODERATE
-0.4709240132243694,1.3337160975919902,0.173734180162278,1.5204429043922782,0.1496745892731161,-1.15446769451687,-0.0376244991968311,-0.4938980115559698,0,0.8627920843676207,3.004222348674736,0.0434362688451174,0.0644665899743524,6.45,LOW
-1.4581860954557513,1.3337160975919902,-1.3154159355143902,0.386348246715293,-0.4924550838954806,-1.016604344323788,-0.960925092984096,0.8033182200673968,1,-0.1244699978637611,0.214242967445232,0.976880624097372,0.8944840096064952,89.45,CRITICAL
-1.4581860954557513,0.6490569099164305,-1.0672242495682789,1.5204429043922782,-1.251335606731095,1.051345908572444,1.6358578270425863,-1.5862906276598576,1,-0.8091291855393208,-2.59332630040673,1.719852433467432,0.4620730963996691,46.21,MODERATE
0.0227070278913214,-0.7202614654346888,0.173734180162278,0.7643797992742881,0.4999271382741689,1.1892092587655263,-0.6146873703138716,-1.4497415506468716,0,-0.6975544375433673,-1.699597909454589,-0.7309919120234898,0.1170330478201712,11.7,LOW
-0.4709240132243694,-1.4049206531102485,1.6628842958389465,1.5204429043922782,-1.251335606731095,-0.7408776439376238,1.0587949559255458,-0.9035452425949276,0,-1.875844666334618,15.763275397676994,-0.7844375123591586,0.0608322941806737,6.08,LOW
-0.4709240132243694,-0.7202614654346888,0.173734180162278,-1.1257779635206873,1.2004322362762745,-0.8787409941307059,-0.3261559347553513,1.4177890666258337,0,-1.1911854786590583,-0.4656229027835651,0.2866065903485471,0.0691703550014211,6.92,LOW
1.0099691101227033,-1.4049206531102485,1.6628842958389465,1.1424113518332832,-1.543212730898639,1.051345908572444,0.5394383719202094,1.3495145281193406,0,-0.3949515429875452,0.4862329379796267,0.5671363252452926,0.0567697210182379,5.68,LOW
1.503600151238394,0.6490569099164305,0.918309238000612,1.1424113518332832,1.4339339356103096,-0.4651509435514595,-0.3838622218670554,0.3253964505219459,0,2.152657061154825,0.8619393475690971,0.1785538746952205,0.1890707095112871,18.91,LOW
1.0099691101227033,0.6490569099164305,-0.8190325636221675,-1.1257779635206873,0.8501796872752218,-1.016604344323788,-0.960925092984096,-0.6987216270754488,0,1.6590260200391338,-3.736670351053093,0.976880624097372,0.0335881510401028,3.36,LOW
1.0099691101227033,1.3337160975919902,-0.8190325636221675,-0.3697148584026971,1.6674356349443449,0.0863024572208691,-0.2684496476436473,1.6226126821453126,1,2.343685207714693,-0.1409719631570866,-0.0231678642317232,0.6361889008304467,63.62,HIGH
1.0099691101227033,-0.7202614654346888,-0.5708408776760562,0.7643797992742881,-1.543212730898639,-1.2923310447099523,0.4240257976968012,0.3936709890284389,0,0.2897076446880144,0.5484650288997946,-0.5479817021214781,0.0514747405412591,5.15,LOW
1.0099691101227033,1.3337160975919902,-0.3226491917299448,-0.3697148584026971,-0.4340796590619718,1.6027993093447728,-0.4415685089787594,-0.2890743960364909,1,2.343685207714693,-0.5200471840393501,-0.7077457012195567,0.8222755227802173,82.23,CRITICAL
1.0099691101227033,-0.7202614654346888,-0.5708408776760562,-0.3697148584026971,-1.3680864563981123,-0.051560892972213,-0.4992747960904635,0.1888473735089599,0,0.2897076446880144,-0.3109859740123408,0.0257430543249438,0.0787390656104257,7.87,LOW
0.5163380690070124,1.3337160975919902,1.6628842958389465,0.386348246715293,-1.601588155732148,0.913482558379362,1.0010886688138418,-0.2890743960364909,1,1.850054166599003,0.5434439898652516,0.914477038352658,0.4716338165874608,47.16,MODERATE
-0.4709240132243694,-0.0356022777591291,-0.0744575057838333,0.386348246715293,-0.375704234228463,0.4998925078001155,1.520445252819178,1.1446909125998617,1,-0.5065262909834986,0.1801416905557498,0.7600591904045597,0.8271710283967033,82.72,CRITICAL
1.0099691101227033,-0.0356022777591291,-1.3154159355143902,-0.7477464109616921,0.8501796872752218,1.3270726089586085,-0.6723936574255757,-1.5862906276598576,1,0.974366832363574,1.2753852367490082,-0.8923152052069795,0.8097690958452455,80.98,CRITICAL
-0.4709240132243694,-0.0356022777591291,-0.0744575057838333,1.5204429043922782,-1.601588155732148,-0.8787409941307059,0.8856760945904336,-1.1083688581144069,0,-0.5065262909834986,-14.030256762391309,-0.7782798918381988,0.1207275947488198,12.07,LOW
-0.4709240132243694,-0.0356022777591291,0.6701175520545007,-1.1257779635206873,0.4999271382741689,-1.2923310447099523,1.1742075301489538,1.0764163740933688,0,-0.5065262909834986,-0.5421735146989672,-1.5174648441436904,0.0606291427905541,6.06,LOW
-0.9645550543400604,-1.4049206531102485,-0.0744575057838333,0.386348246715293,-0.7259567832295158,0.0863024572208691,-1.5956942512128405,-0.3573489345429839,0,-2.369475707450309,0.6011788783708693,-0.1377123348528829,0.1040217055710658,10.4,LOW
0.5163380690070124,-0.0356022777591291,-1.5636076214605017,0.7643797992742881,0.3248008637736425,-1.4301943949030345,0.6548509461436175,-0.6987216270754488,1,0.4807357912478832,2.537121373347668,-0.9365641526715508,0.4189373292077685,41.89,MODERATE
1.0099691101227033,0.6490569099164305,-0.0744575057838333,1.5204429043922782,0.2664254389401337,1.4649359591516906,-0.6723936574255757,-0.9718197811014208,0,1.6590260200391338,53.95426167072584,-0.9850136474682488,0.0486210678750583,4.86,LOW
-1.4581860954557513,0.6490569099164305,-0.5708408776760562,-0.7477464109616921,-0.375704234228463,-1.15446769451687,-1.249456528542616,-1.6545651661663503,0,-0.8091291855393208,1.1423559480579824,1.442457197905646,0.1672030128664023,16.72,LOW
0.0227070278913214,-1.4049206531102485,-1.0672242495682789,-0.7477464109616921,0.0329237396060985,0.3620291576070334,-0.1530370734202392,1.0081418355868756,0,-1.382213625218927,-0.3723573692408857,-0.0554038827729749,0.0595352595448174,5.95,LOW
1.503600151238394,-0.0356022777591291,1.414692609892835,0.7643797992742881,1.317183085943292,1.3270726089586085,-0.6146873703138716,-0.1525253190235049,0,1.467997873479265,0.9019500127054396,-0.8157347722163358,0.1303598053916353,13.04,LOW
-1.4581860954557513,-0.0356022777591291,-1.0672242495682789,-0.3697148584026971,-1.251335606731095,0.913482558379362,0.8279698074787296,0.5984946045479178,0,-1.4937883732148804,-0.2312894002587258,0.7563359779965377,0.1702845720432637,17.03,LOW
0.5163380690070124,-0.0356022777591291,-0.8190325636221675,1.1424113518332832,-0.4340796590619718,-1.2923310447099523,-1.3648691027660242,0.2571219120154529,0,0.4807357912478832,0.9087514432086682,1.7638627134699514,0.1203241477400274,12.03,LOW
0.0227070278913214,1.3337160975919902,1.414692609892835,0.7643797992742881,0.8501796872752218,1.4649359591516906,-0.960925092984096,0.2571219120154529,1,1.3564231254833117,0.6080395162699958,-1.407693722763584,0.80794540782172,80.79,CRITICAL
0.5163380690070124,-0.7202614654346888,1.1665009239467234,0.0083166941562979,1.6674356349443449,1.4649359591516906,-1.249456528542616,1.4177890666258337,1,-0.2039233964276764,0.0034397931031694,-1.830373798058919,0.8727154454506039,87.27,CRITICAL
-0.4709240132243694,1.3337160975919902,-1.3154159355143902,0.7643797992742881,0.3831762886071513,-1.5680577450961166,1.6358578270425863,0.5984946045479178,1,0.8627920843676207,0.4781872876514763,-2.565119535570231,0.8375161945871499,83.75,CRITICAL
0.0227070278913214,-0.7202614654346888,-1.3154159355143902,-0.7477464109616921,-1.4264618812316214,0.6377558579931977,1.6935641141542903,-0.4938980115559698,0,-0.6975544375433673,-1.4774619109096536,1.0800804346889592,0.1229730161045288,12.3,LOW
-0.4709240132243694,-0.0356022777591291,-1.5636076214605017,-1.1257779635206873,-0.959458482563551,0.7756192081862798,1.40503267859577,1.6226126821453126,1,-0.5065262909834986,-0.4292581863822126,1.089770333648299,0.9078794005540552,90.79,CRITICAL
-1.4581860954557513,-0.0356022777591291,-0.5708408776760562,0.386348246715293,-0.0254516852274102,0.7756192081862798,1.520445252819178,-1.244917935127393,1,-1.4937883732148804,-1.5774600031407915,1.179286543082199,0.5801278977296911,58.01,MODERATE
-1.4581860954557513,1.3337160975919902,-0.8190325636221675,-1.1257779635206873,0.0912991644396073,0.4998925078001155,1.6935641141542903,-0.0159762420105189,1,-0.1244699978637611,-1.1440556738394536,0.8466000121448694,0.8767932143822299,87.68,CRITICAL
0.0227070278913214,1.3337160975919902,0.918309238000612,-0.7477464109616921,1.025305961775748,0.0863024572208691,-0.6723936574255757,1.5543381436388195,1,1.3564231254833117,-0.2927358747798673,-0.0580292248555544,0.6119346244975237,61.19,HIGH
0.0227070278913214,-0.7202614654346888,0.6701175520545007,0.386348246715293,1.609060210110836,0.7756192081862798,0.9433823817021376,0.9398672970803827,0,-0.6975544375433673,0.1991622041862195,0.7317054959126988,0.613847661761248,61.38,HIGH
1.0099691101227033,0.6490569099164305,-1.3154159355143902,0.0083166941562979,1.4923093604438185,1.1892092587655263,1.231913817260658,-1.3131924736338856,1,1.6590260200391338,-0.0265545785944396,1.465003317487557,0.2825705247257608,28.26,LOW
0.5163380690070124,-0.7202614654346888,-1.0672242495682789,1.1424113518332832,-0.7843322080630246,1.4649359591516906,-0.960925092984096,0.2571219120154529,0,-0.2039233964276764,0.9087514432086682,-1.407693722763584,0.0767547274220701,7.68,LOW
1.0099691101227033,1.3337160975919902,-0.0744575057838333,1.5204429043922782,0.7334288376082041,-0.051560892972213,1.462738965707474,-1.3131924736338856,0,2.343685207714693,-4.854659777583414,-0.0754201272571286,0.0882853222281693,8.83,LOW
0.5163380690070124,1.3337160975919902,-0.0744575057838333,-0.7477464109616921,0.0329237396060985,-0.1894242431652952,0.4240257976968012,-1.5862906276598576,0,1.850054166599003,1.2753852367490082,-0.0803207658112771,0.0931645018162552,9.32,LOW
1.0099691101227033,-1.4049206531102485,1.1665009239467234,-0.7477464109616921,1.609060210110836,-1.016604344323788,1.289620104372362,-1.7228397046728436,1,-0.3949515429875452,1.0344567490244898,-1.3110334006322402,0.7488353767455193,74.88,HIGH
-0.4709240132243694,1.3337160975919902,-0.8190325636221675,-0.7477464109616921,1.4923093604438185,1.051345908572444,0.3086132234733932,0.6667691430544108,1,0.8627920843676207,-0.4486202627866157,0.3244592498301053,0.6538513288023117,65.39,HIGH
0.0227070278913214,-1.4049206531102485,-0.5708408776760562,0.386348246715293,-0.7843322080630246,-1.2923310447099523,0.5394383719202094,-0.0842507805170119,1,-1.382213625218927,0.4218930668959967,-0.69713295474028,0.8373211018846028,83.73,CRITICAL
-1.4581860954557513,0.6490569099164305,-0.5708408776760562,-1.5038095160796825,-1.0178339073970597,0.7756192081862798,-0.7878062316489837,0.7350436815609038,1,-0.8091291855393208,-0.8667271792989122,-0.6110376455958016,0.8534096580098889,85.34,CRITICAL
0.5163380690070124,-0.7202614654346888,-0.3226491917299448,0.7643797992742881,-0.7259567832295158,0.3620291576070334,-0.0376244991968311,-1.7228397046728436,0,-0.2039233964276764,-1.0574679203880275,-0.0136211657496152,0.1277139862562666,12.77,LOW
0.5163380690070124,-0.7202614654346888,1.6628842958389465,-1.5038095160796825,-0.7843322080630246,-0.051560892972213,-1.249456528542616,-0.7669961655819418,0,-0.2039233964276764,-6.454011882832494,0.0644230943416186,0.0991481565887395,9.91,LOW
-1.4581860954557513,-1.4049206531102485,0.4219258661083894,0.0083166941562979,-1.0178339073970597,-1.2923310447099523,0.135494362138281,0.7350436815609038,0,-2.863106748566,0.004793362982548,-0.1751035705744733,0.0985215410374637,9.85,LOW
1.0099691101227033,-0.7202614654346888,-1.3154159355143902,1.1424113518332832,-1.251335606731095,1.3270726089586085,1.462738965707474,-0.9035452425949276,0,0.2897076446880144,11.844012494226725,1.941160815446834,0.0669208850758506,6.69,LOW
0.5163380690070124,1.3337160975919902,-0.5708408776760562,-0.3697148584026971,-0.5508305087289894,0.4998925078001155,1.231913817260658,0.9398672970803827,0,1.850054166599003,-0.1905877061586327,0.6158244875040435,0.2284391699247328,22.84,LOW
1.503600151238394,-0.0356022777591291,1.1665009239467234,0.0083166941562979,-1.543212730898639,1.3270726089586085,-0.3261559347553513,-1.244917935127393,0,1.467997873479265,-0.0339570646468667,-0.4328326072631177,0.045824782640823,4.58,LOW
-0.4709240132243694,-1.4049206531102485,-1.0672242495682789,-0.3697148584026971,-0.7843322080630246,-1.7059210952891988,-0.960925092984096,-1.4497415506468716,0,-1.875844666334618,0.8220607099142371,1.639262387114304,0.1516370039055662,15.16,LOW
0.0227070278913214,-0.7202614654346888,-0.8190325636221675,-0.3697148584026971,0.0329237396060985,0.6377558579931977,-1.134043954319208,-1.1766433966208998,1,-0.6975544375433673,2.0930012979548525,-0.7232431750888452,0.7827089838634937,78.27,HIGH
-1.4581860954557513,-1.4049206531102485,0.6701175520545007,1.1424113518332832,0.9085551121087304,0.913482558379362,1.289620104372362,-1.7228397046728436,0,-2.863106748566,-1.5804490877411572,1.178045472279525,0.0912305916420686,9.12,LOW
0.0227070278913214,-1.4049206531102485,-0.3226491917299448,-1.1257779635206873,-0.375704234228463,0.4998925078001155,0.2509069363616891,0.6667691430544108,1,-1.382213625218927,-0.6754252490285854,0.1254264976422888,0.7696945734601065,76.97,HIGH
1.503600151238394,-0.0356022777591291,1.1665009239467234,-1.5038095160796825,-0.083827110060919,0.2241658074139512,0.5971446590319134,0.5984946045479178,1,1.467997873479265,-0.940766088168928,0.1338594146348175,0.9059442421221564,90.59,CRITICAL
0.5163380690070124,1.3337160975919902,0.173734180162278,-0.7477464109616921,1.2588076611097834,-0.3272875933583773,1.6358578270425863,-1.6545651661663503,0,1.850054166599003,1.1423559480579824,-0.5353959712892328,0.1403856477975241,14.04,LOW
0.5163380690070124,-1.4049206531102485,-1.5636076214605017,1.5204429043922782,0.6166779879411866,1.6027993093447728,-0.960925092984096,0.9398672970803827,0,-0.8885825841032361,0.783787069703498,-1.5401700753669705,0.0433356984988469,4.33,LOW
1.503600151238394,-0.7202614654346888,0.6701175520545007,-0.3697148584026971,1.4339339356103096,1.1892092587655263,-0.0376244991968311,-0.2207998575299979,0,0.7833386858037052,-0.4744799676636744,-0.0447434028012876,0.1957542937973088,19.58,LOW
-1.4581860954557513,0.6490569099164305,1.6628842958389465,0.0083166941562979,-1.4264618812316214,-0.051560892972213,0.5971446590319134,-1.1766433966208998,0,-0.8091291855393208,-0.0470818287883509,-0.0307893118532731,0.0469046763996553,4.69,LOW
-0.4709240132243694,-1.4049206531102485,0.173734180162278,-1.1257779635206873,-0.5508305087289894,-1.7059210952891988,-1.5379879641011365,0.5302200660414249,1,-1.875844666334618,-0.7356967723165454,2.623686112261016,0.8296882377478034,82.97,CRITICAL
-0.9645550543400604,-1.4049206531102485,0.918309238000612,-0.3697148584026971,0.6166779879411866,0.4998925078001155,1.6358578270425863,1.3495145281193406,0,-2.369475707450309,-0.1573579792667355,0.8177530715647662,0.1723500759117656,17.24,LOW
-1.4581860954557513,-0.0356022777591291,1.6628842958389465,-1.1257779635206873,1.5506847852773271,-1.016604344323788,-1.5379879641011365,-0.8352707040884347,0,-1.4937883732148804,-6.83410899859039,1.5635252458229132,0.072888200165598,7.29,LOW
-0.9645550543400604,1.3337160975919902,-0.0744575057838333,-1.1257779635206873,0.8501796872752218,-1.2923310447099523,-0.1530370734202392,-1.5180160891533647,0,0.3691610432519299,2.1732490304705334,0.1977745609725314,0.0557755374596577,5.58,LOW
1.503600151238394,0.6490569099164305,-1.5636076214605017,-0.3697148584026971,-1.6599635805656563,0.913482558379362,-1.3071628156543202,0.2571219120154529,1,2.152657061154825,-0.2940962645460215,-1.194070433062279,0.925825052045386,92.58,CRITICAL
1.0099691101227033,-0.7202614654346888,-1.3154159355143902,0.386348246715293,1.609060210110836,0.3620291576070334,-1.6534005383245445,0.3253964505219459,1,0.2897076446880144,0.2914963643996086,-0.5985792040766504,0.7362093462978837,73.62,HIGH
-0.9645550543400604,0.6490569099164305,-1.0672242495682789,0.7643797992742881,0.0329237396060985,0.2241658074139512,0.5971446590319134,0.8033182200673968,1,-0.3154981444236298,0.4238740510511342,0.1338594146348175,0.8715523318553497,87.16,CRITICAL
-0.4709240132243694,-0.7202614654346888,-1.5636076214605017,-0.7477464109616921,-0.4924550838954806,0.2241658074139512,0.8856760945904336,-1.0400943196079138,0,-1.1911854786590583,18.64968450079654,0.1985382968510996,0.2048188839435062,20.48,LOW
1.0099691101227033,1.3337160975919902,1.6628842958389465,-0.7477464109616921,-0.5508305087289894,-1.016604344323788,-0.4992747960904635,0.5984946045479178,1,2.343685207714693,-0.4677816295621266,0.5075649267169385,0.8698459227602786,86.98,CRITICAL
-0.9645550543400604,-0.7202614654346888,0.4219258661083894,0.386348246715293,-1.3680864563981123,0.2241658074139512,0.5971446590319134,-1.244917935127393,1,-1.684816519774749,-1.5774600031407915,0.1338594146348175,0.7363560494607994,73.64,HIGH
1.503600151238394,-0.0356022777591291,0.173734180162278,-0.7477464109616921,-0.4340796590619718,0.0863024572208691,1.462738965707474,-1.5862906276598576,1,1.467997873479265,1.2753852367490082,0.1262379670132676,0.8460893721180888,84.61,CRITICAL
1.0099691101227033,-0.0356022777591291,-1.3154159355143902,-1.1257779635206873,-0.667581358396007,-0.3272875933583773,1.40503267859577,-0.8352707040884347,1,0.974366832363574,-6.83410899859039,-0.4598497639674841,0.9286152585490096,92.86,CRITICAL
1.503600151238394,-0.0356022777591291,1.414692609892835,1.1424113518332832,-1.251335606731095,-0.8787409941307059,-0.8455125187606878,-0.9035452425949276,0,1.467997873479265,11.844012494226725,0.7429865112857239,0.0776426302979566,7.76,LOW
-0.9645550543400604,-0.0356022777591291,0.4219258661083894,0.0083166941562979,0.5583025631076777,-0.6030142937445416,-0.0953307863085351,1.2812399896128477,1,-1.0001573320991894,0.0036456901484132,0.0574858267779531,0.6774045575733267,67.74,HIGH
1.503600151238394,0.6490569099164305,-0.0744575057838333,-1.5038095160796825,0.1496745892731161,0.3620291576070334,1.0587949559255458,0.3936709890284389,1,2.152657061154825,-1.079027638458646,0.3833146459723014,0.9071424469963169,90.71,CRITICAL
-0.4709240132243694,1.3337160975919902,0.4219258661083894,-0.7477464109616921,0.2080500141066249,-1.15446769451687,1.0010886688138418,0.5302200660414249,0,0.8627920843676207,-0.4886528595171681,-1.1557245274924786,0.0944814550099152,9.45,LOW
-0.9645550543400604,-0.7202614654346888,-0.3226491917299448,1.1424113518332832,1.375558510776801,1.6027993093447728,-0.0376244991968311,1.2812399896128477,0,-1.684816519774749,0.5007852558411284,-0.0603045213271238,0.0864286087527932,8.64,LOW
-0.9645550543400604,-0.7202614654346888,-0.3226491917299448,-0.3697148584026971,-0.7843322080630246,0.913482558379362,-1.076337667207504,-0.4938980115559698,1,-1.684816519774749,-0.7305145343122553,-0.9832156859207852,0.3703199962850623,37.03,MODERATE
-0.9645550543400604,-0.0356022777591291,0.918309238000612,0.7643797992742881,-1.0178339073970597,-0.4651509435514595,0.2509069363616891,0.8033182200673968,0,-1.0001573320991894,0.4238740510511342,-0.1167095981922457,0.2947512159170333,29.48,LOW
-1.4581860954557513,-0.0356022777591291,1.6628842958389465,-1.1257779635206873,0.4999271382741689,0.6377558579931977,-1.134043954319208,-0.6987216270754488,0,-1.4937883732148804,-3.736670351053093,-0.7232431750888452,0.1296496563718003,12.96,LOW
-1.4581860954557513,-1.4049206531102485,-0.8190325636221675,0.7643797992742881,1.317183085943292,-1.4301943949030345,0.8856760945904336,-1.6545651661663503,1,-2.863106748566,-1.1677673038287366,-1.266688986182848,0.9161584761590986,91.62,CRITICAL
-1.4581860954557513,1.3337160975919902,0.6701175520545007,0.0083166941562979,0.2664254389401337,-0.051560892972213,1.1165012430372498,0.9398672970803827,0,-0.1244699978637611,0.0042872490137934,-0.0575678010955864,0.088174393964208,8.82,LOW
-0.4709240132243694,0.6490569099164305,0.6701175520545007,0.0083166941562979,-0.9010830577300422,-0.3272875933583773,-0.5569810832021675,-0.6304470885689558,0,0.178132896692061,0.0225047453261637,0.1822929982673795,0.5624209184745644,56.24,MODERATE
1.0099691101227033,-0.7202614654346888,1.414692609892835,0.386348246715293,0.3831762886071513,0.4998925078001155,-0.5569810832021675,0.5302200660414249,0,0.2897076446880144,0.2524788788809636,-0.2784306704791564,0.1047500275651523,10.48,LOW
1.503600151238394,-1.4049206531102485,1.414692609892835,1.5204429043922782,0.2080500141066249,1.1892092587655263,-1.4802816769894322,1.0764163740933688,0,0.0986794981281455,0.7322437461783903,-1.760364675856793,0.0649777850124852,6.5,LOW
0.5163380690070124,-1.4049206531102485,-1.3154159355143902,0.386348246715293,-0.375704234228463,-0.051560892972213,1.0010886688138418,-0.6987216270754488,0,-0.8885825841032361,1.2823630284675158,-0.0516170257084057,0.131962324972282,13.2,LOW
-0.9645550543400604,-0.7202614654346888,-0.0744575057838333,1.1424113518332832,1.2004322362762745,-1.016604344323788,-0.6146873703138716,0.8033182200673968,0,-1.684816519774749,0.6335051346570363,0.6248938510620469,0.1213672254229796,12.14,LOW
1.503600151238394,0.6490569099164305,-0.5708408776760562,0.7643797992742881,0.9085551121087304,0.4998925078001155,0.3663195105850972,-1.6545651661663503,1,2.152657061154825,-1.1677673038287366,0.1831203788024952,0.8824969474090297,88.25,CRITICAL
-0.9645550543400604,-1.4049206531102485,0.918309238000612,1.5204429043922782,-1.601588155732148,-0.051560892972213,-1.5956942512128405,-1.6545651661663503,0,-2.369475707450309,-2.322828929772096,0.0822754205031609,0.1532696597407977,15.33,LOW
-0.4709240132243694,-1.4049206531102485,-0.3226491917299448,-0.3697148584026971,0.6750534127746953,0.7756192081862798,0.7702635203670256,-0.0159762420105189,1,-1.875844666334618,-0.3757174106833396,0.5974311817618488,0.8205734455549447,82.06,CRITICAL
-0.9645550543400604,1.3337160975919902,-1.3154159355143902,-1.1257779635206873,-0.4924550838954806,1.051345908572444,0.135494362138281,-0.9035452425949276,1,0.3691610432519299,-11.671564926474908,0.1424514432687148,0.8103824680139932,81.04,CRITICAL
-1.4581860954557513,0.6490569099164305,-0.5708408776760562,0.7643797992742881,-1.601588155732148,0.7756192081862798,1.289620104372362,1.4177890666258337,0,-0.8091291855393208,0.3161482570276591,1.000254124214399,0.1761601825181659,17.62,LOW
0.5163380690070124,-1.4049206531102485,0.6701175520545007,0.386348246715293,-0.1422025348944278,-0.4651509435514595,-1.249456528542616,0.3253964505219459,1,-0.8885825841032361,0.2914963643996086,0.5811858831781289,0.5479571965914105,54.8,MODERATE
0.0227070278913214,0.6490569099164305,-0.8190325636221675,-1.5038095160796825,1.609060210110836,-1.4301943949030345,-1.249456528542616,0.5302200660414249,0,0.671763937807752,-0.9827406851159226,1.7869657237966527,0.1206177311090065,12.06,LOW
-0.9645550543400604,-0.7202614654346888,0.4219258661083894,1.5204429043922782,-1.192960181897586,0.0863024572208691,-1.5379879641011365,0.8715927585738897,0,-1.684816519774749,0.8123791339900356,-0.1327321404780498,0.0651480510593827,6.51,LOW
1.503600151238394,-0.0356022777591291,-0.3226491917299448,1.5204429043922782,-1.6599635805656563,0.7756192081862798,0.2509069363616891,-1.5862906276598576,0,1.467997873479265,-2.59332630040673,0.1946082393092986,0.0537590414439095,5.38,LOW
-1.4581860954557513,-1.4049206531102485,-1.3154159355143902,-1.1257779635206873,-1.0762093322305686,-1.15446769451687,-0.7878062316489837,-1.244917935127393,1,-2.863106748566,4.596551750834908,0.9094968439778256,0.8991504346573571,89.92,CRITICAL
0.0227070278913214,1.3337160975919902,-1.5636076214605017,-0.7477464109616921,-1.543212730898639,-1.15446769451687,0.1932006492499851,-0.2207998575299979,0,1.3564231254833117,-0.9596333088330758,-0.2230439081187927,0.1297978998302567,12.98,LOW
0.5163380690070124,-0.7202614654346888,-0.5708408776760562,0.0083166941562979,1.317183085943292,0.913482558379362,-0.3838622218670554,-0.8352707040884347,0,-0.2039233964276764,0.0504870375987206,-0.350651444496304,0.1339605696472832,13.4,LOW
0.0227070278913214,0.6490569099164305,0.4219258661083894,0.0083166941562979,-0.375704234228463,0.4998925078001155,0.077788075026577,0.0522982964959739,1,0.671763937807752,0.0079033617976875,0.0388856759019791,0.5186569855715768,51.87,MODERATE
-1.4581860954557513,-0.7202614654346888,-0.3226491917299448,-1.5038095160796825,-0.2005779597279366,1.051345908572444,-1.7111068254362485,0.1888473735089599,0,-2.17844756089044,-1.2649306795716688,-1.7989651600527832,0.1677750113319555,16.78,LOW
1.0099691101227033,-1.4049206531102485,0.6701175520545007,1.1424113518332832,-1.48483730606513,-0.4651509435514595,-1.3071628156543202,0.8715927585738897,0,-0.3949515429875452,0.610395261789629,0.6080280170769895,0.0237449005876314,2.37,LOW
1.0099691101227033,0.6490569099164305,1.1665009239467234,1.1424113518332832,-0.667581358396007,-1.15446769451687,0.8279698074787296,0.8715927585738897,0,1.6590260200391338,0.610395261789629,-0.9558643947695458,0.1239934112682371,12.4,LOW
0.0227070278913214,-0.0356022777591291,-0.0744575057838333,-0.3697148584026971,1.4923093604438185,-1.2923310447099523,-0.4415685089787594,-1.7228397046728436,1,-0.0128952498678076,0.5114755816713604,0.5706526925195361,0.8443476567395275,84.43,CRITICAL
-0.4709240132243694,-0.7202614654346888,-0.5708408776760562,0.7643797992742881,-1.3680864563981123,-1.016604344323788,0.9433823817021376,-0.6304470885689558,1,-1.1911854786590583,2.0683906840682966,-0.9590466275969152,0.2551862094465011,25.52,LOW
1.503600151238394,-1.4049206531102485,0.6701175520545007,-0.7477464109616921,0.3248008637736425,-1.2923310447099523,0.5394383719202094,1.0081418355868756,0,0.0986794981281455,-0.3723573692408857,-0.69713295474028,0.0651793017204601,6.52,LOW
1.503600151238394,1.3337160975919902,-0.3226491917299448,0.386348246715293,-0.4340796590619718,-0.8787409941307059,-1.076337667207504,0.2571219120154529,0,2.837316248830384,0.3073275893313233,0.945822031702247,0.2040419620458578,20.4,LOW
0.0227070278913214,0.6490569099164305,-0.5708408776760562,1.5204429043922782,0.7918042624417129,-0.8787409941307059,1.347326391484066,-0.9035452425949276,0,0.671763937807752,15.763275397676994,-1.183950932671245,0.0945806673544974,9.46,LOW
-0.9645550543400604,-0.7202614654346888,0.918309238000612,-1.5038095160796825,-0.8427076328965334,0.6377558579931977,-1.076337667207504,-0.3573489345429839,1,-1.684816519774749,-2.340009371975849,-0.6864406524403186,0.751273439223845,75.13,HIGH
-0.9645550543400604,-0.7202614654346888,0.4219258661083894,0.0083166941562979,-0.4340796590619718,-1.4301943949030345,0.8856760945904336,-0.4938980115559698,0,-1.684816519774749,0.0164328422851429,-1.266688986182848,0.1235505513501609,12.36,LOW
1.503600151238394,-0.0356022777591291,-0.3226491917299448,-0.3697148584026971,1.7841864846113624,-1.7059210952891988,0.9433823817021376,-0.4938980115559698,0,1.467997873479265,-0.7305145343122553,-1.6093359058698438,0.6164376824982587,61.64,HIGH
1.503600151238394,-0.0356022777591291,0.918309238000612,1.1424113518332832,0.4415517134406601,1.4649359591516906,-0.9032188058723918,-0.0842507805170119,0,1.467997873479265,1.2475155070055792,-1.323157707704517,0.0513690524197899,5.14,LOW
1.0099691101227033,1.3337160975919902,0.173734180162278,-1.5038095160796825,1.317183085943292,1.6027993093447728,0.5971446590319134,-0.2890743960364909,0,2.343685207714693,-2.1152839448962526,0.9571030470752706,0.1337667759029289,13.38,LOW
-0.4709240132243694,1.3337160975919902,-1.3154159355143902,1.5204429043922782,0.7334288376082041,-1.2923310447099523,-0.6723936574255757,0.3253964505219459,0,0.8627920843676207,1.1471608391538413,0.86895519775714,0.1640277134029621,16.4,LOW
-1.4581860954557513,-1.4049206531102485,1.1665009239467234,0.386348246715293,-1.0178339073970597,-1.016604344323788,-0.2684496476436473,-0.6304470885689558,0,-2.863106748566,1.04544771469723,0.272907078026722,0.0779355298902139,7.79,LOW
-0.9645550543400604,-1.4049206531102485,1.414692609892835,-0.3697148584026971,1.025305961775748,-0.6030142937445416,1.231913817260658,-0.2207998575299979,0,-2.369475707450309,-0.4744799676636744,-0.7428616404695779,0.1801515959756406,18.02,LOW
1.503600151238394,1.3337160975919902,0.4219258661083894,1.5204429043922782,1.1420568114427656,1.1892092587655263,-0.0953307863085351,0.3936709890284389,1,2.837316248830384,1.0909625846859416,-0.1133682537235078,0.8107478381629258,81.07,CRITICAL
1.0099691101227033,1.3337160975919902,-0.5708408776760562,0.0083166941562979,0.7334288376082041,0.0863024572208691,-0.4992747960904635,-1.1083688581144069,0,2.343685207714693,-0.0767443184417235,-0.0430886417310553,0.2915656973893551,29.16,LOW
0.5163380690070124,0.6490569099164305,-0.0744575057838333,0.0083166941562979,0.4999271382741689,-0.1894242431652952,0.5394383719202094,-1.1083688581144069,1,1.1653949789234428,-0.0767443184417235,-0.1021827053353046,0.1671135228937629,16.71,LOW
1.0099691101227033,-0.0356022777591291,0.6701175520545007,0.0083166941562979,-0.667581358396007,1.6027993093447728,-0.5569810832021675,0.6667691430544108,0,0.974366832363574,0.0049897096973233,-0.8927288954745376,0.2253016002949069,22.53,LOW
-0.9645550543400604,-1.4049206531102485,1.414692609892835,-1.5038095160796825,0.9085551121087304,0.913482558379362,1.1742075301489538,-1.244917935127393,1,-2.369475707450309,6.140054689328832,1.072618098708778,0.8139273361005631,81.39,CRITICAL
-0.9645550543400604,-0.0356022777591291,-1.5636076214605017,-1.5038095160796825,0.3248008637736425,1.4649359591516906,0.4240257976968012,-0.4256234730494769,1,-1.0001573320991894,-2.618159770671166,0.6211706386540243,0.379073681587629,37.91,MODERATE
1.0099691101227033,-0.0356022777591291,0.6701175520545007,1.1424113518332832,0.0329237396060985,1.6027993093447728,-0.6146873703138716,0.3936709890284389,0,0.974366832363574,0.8197138067928682,-0.985220492602028,0.175876413729803,17.59,LOW
-1.4581860954557513,1.3337160975919902,-0.5708408776760562,1.1424113518332832,-0.3173288093949542,-1.2923310447099523,1.520445252819178,1.6226126821453126,0,-0.1244699978637611,0.4356004832931655,-1.964918602000096,0.1651624918713625,16.52,LOW
0.0227070278913214,0.6490569099164305,1.1665009239467234,0.386348246715293,0.7334288376082041,1.051345908572444,-0.0953307863085351,-0.8352707040884347,1,0.671763937807752,2.345352382995091,-0.1002256321464724,0.0747562806025655,7.48,LOW
-0.9645550543400604,-0.7202614654346888,1.6628842958389465,-0.3697148584026971,0.0329237396060985,1.4649359591516906,1.1742075301489538,1.6226126821453126,0,-1.684816519774749,-0.1409719631570866,1.7201388344218953,0.1975543078660338,19.76,LOW
1.0099691101227033,0.6490569099164305,0.6701175520545007,-1.1257779635206873,-0.9010830577300422,-0.1894242431652952,-1.5379879641011365,0.1205728350024669,1,1.6590260200391338,-1.0046450604152015,0.2913322060971909,0.8649453168831095,86.49,CRITICAL
